연월,캠페인명,플랫폼,업종,배정예산(원),집행예산(원),예산소진율(%),목표전환수,실제전환수,목표달성률(%),목표CPA(원),실제CPA(원),캠페인상태
2023-01,캠페인_O,TikTok,패션/의류,13361248,12612787,94.4,411,308,74.9,4872,40951,종료
2023-01,캠페인_A,Instagram,패션/의류,14154814,9960467,70.4,1633,1996,122.2,40115,4990,진행중
2023-01,캠페인_S,Instagram,금융,24828635,19878696,80.1,424,522,123.1,41832,38082,종료
2023-01,캠페인_M,YouTube,여행,20449106,18689721,91.4,967,960,99.3,41197,19468,종료
2023-01,캠페인_R,Facebook,여행,26092992,25489362,97.7,385,242,62.9,24515,105328,종료
2023-01,캠페인_N,Facebook,뷰티/화장품,20673521,19403209,93.9,805,718,89.2,47449,27024,일시중지
2023-01,캠페인_A,Instagram,금융,13864077,11070887,79.9,488,610,125.0,8405,18149,종료
2023-01,캠페인_J,TikTok,교육,7737622,7425491,96.0,1814,1659,91.5,5351,4476,진행중
2023-01,캠페인_R,TikTok,식품/음료,23530947,17860484,75.9,57,78,136.8,3995,228981,일시중지
2023-01,캠페인_J,TikTok,식품/음료,24416317,19362071,79.3,224,219,97.8,13396,88411,진행중
2023-01,캠페인_F,Instagram,교육,15078023,13879471,92.1,1542,853,55.3,3032,16271,일시중지
2023-01,캠페인_C,Instagram,뷰티/화장품,919312,904542,98.4,1597,1245,78.0,40328,727,종료
2023-01,캠페인_M,YouTube,뷰티/화장품,23988003,18194817,75.8,795,1038,130.6,46053,17529,진행중
2023-01,캠페인_H,Instagram,게임,4978659,3992190,80.2,1761,1526,86.7,9995,2616,진행중
2023-01,캠페인_T,Instagram,교육,6091298,6168885,101.3,485,306,63.1,41604,20160,종료
2023-01,캠페인_S,Instagram,뷰티/화장품,14989535,13900040,92.7,426,249,58.5,10577,55823,종료
2023-01,캠페인_B,YouTube,전자기기,3327541,2779708,83.5,302,333,110.3,19073,8347,일시중지
2023-01,캠페인_D,Naver,교육,3480310,3000168,86.2,1338,1349,100.8,9286,2224,일시중지
2023-01,캠페인_J,Facebook,여행,11875062,11954816,100.7,747,609,81.5,46821,19630,종료
2023-01,캠페인_R,YouTube,여행,24787985,23395310,94.4,987,1367,138.5,9814,17114,진행중
2023-01,캠페인_A,TikTok,게임,27387437,20170487,73.6,513,417,81.3,45973,48370,진행중
2023-01,캠페인_O,YouTube,뷰티/화장품,3391913,2577473,76.0,971,522,53.8,35828,4938,종료
2023-02,캠페인_K,KakaoTalk,게임,6628098,5101598,77.0,166,107,64.5,44012,47678,진행중
2023-02,캠페인_B,Instagram,뷰티/화장품,25561064,23292952,91.1,874,477,54.6,20238,48832,일시중지
2023-02,캠페인_B,Naver,식품/음료,25524975,18857572,73.9,1813,1353,74.6,28675,13938,일시중지
2023-02,캠페인_L,Naver,전자기기,24985098,25922079,103.8,1785,918,51.4,34321,28238,진행중
2023-02,캠페인_S,Naver,전자기기,6466505,6105876,94.4,1305,1236,94.7,36237,4940,일시중지
2023-02,캠페인_K,Naver,게임,14798548,10372033,70.1,417,273,65.5,6350,37993,일시중지
2023-02,캠페인_D,Naver,교육,19696741,13985881,71.0,1275,692,54.3,38555,20211,진행중
2023-02,캠페인_K,KakaoTalk,교육,1017391,811785,79.8,902,724,80.3,14760,1121,종료
2023-02,캠페인_O,YouTube,식품/음료,23907605,24097568,100.8,373,433,116.1,35087,55653,일시중지
2023-02,캠페인_T,KakaoTalk,금융,7962520,5821950,73.1,1037,1296,125.0,11596,4492,진행중
2023-02,캠페인_N,Naver,전자기기,12002686,12589462,104.9,334,368,110.2,35827,34210,일시중지
2023-02,캠페인_C,TikTok,금융,21843523,21995074,100.7,897,955,106.5,3816,23031,일시중지
2023-02,캠페인_O,TikTok,교육,21657802,17019129,78.6,140,154,110.0,7617,110514,일시중지
2023-02,캠페인_R,Facebook,여행,4811252,4805768,99.9,1276,1043,81.7,46192,4608,진행중
2023-02,캠페인_J,Instagram,교육,20659673,14878559,72.0,1458,1399,96.0,15489,10635,진행중
2023-02,캠페인_S,TikTok,전자기기,10623453,9225840,86.8,344,451,131.1,19405,20456,진행중
2023-02,캠페인_C,Naver,금융,6814769,5114692,75.1,1583,2009,126.9,23077,2546,진행중
2023-02,캠페인_S,Instagram,교육,25600100,21430505,83.7,499,249,49.9,6829,86066,진행중
2023-02,캠페인_A,TikTok,뷰티/화장품,6401346,6051623,94.5,604,731,121.0,43146,8279,진행중
2023-02,캠페인_S,Naver,패션/의류,18664974,13785201,73.9,1629,1787,109.7,43398,7714,일시중지
2023-03,캠페인_B,YouTube,뷰티/화장품,18991635,18027218,94.9,420,495,117.9,43131,36419,일시중지
2023-03,캠페인_O,TikTok,식품/음료,26503823,24222831,91.4,1966,2314,117.7,27838,10468,진행중
2023-03,캠페인_G,TikTok,게임,17011915,13830916,81.3,880,1001,113.8,18237,13817,진행중
2023-03,캠페인_O,Naver,전자기기,5494135,4372026,79.6,351,384,109.4,40975,11385,종료
2023-03,캠페인_O,TikTok,게임,25998243,22366143,86.0,1826,2497,136.7,39727,8957,진행중
2023-03,캠페인_F,TikTok,교육,20892045,21520370,103.0,829,777,93.7,15941,27697,진행중
2023-03,캠페인_T,Instagram,뷰티/화장품,895538,846639,94.5,548,608,110.9,3459,1392,종료
2023-03,캠페인_A,TikTok,패션/의류,25146469,26226900,104.3,1595,1231,77.2,26206,21305,일시중지
2023-03,캠페인_O,YouTube,금융,21610746,19965530,92.4,1292,1300,100.6,12753,15358,종료
2023-03,캠페인_L,Instagram,교육,13512592,13657008,101.1,414,444,107.2,35487,30759,종료
2023-03,캠페인_S,Facebook,금융,23890913,18138152,75.9,1752,1279,73.0,40375,14182,일시중지
2023-03,캠페인_O,YouTube,금융,8776772,7724745,88.0,1195,1047,87.6,23831,7378,종료
2023-03,캠페인_K,Facebook,패션/의류,22966361,17709027,77.1,1985,1820,91.7,31029,9730,일시중지
2023-03,캠페인_P,Facebook,패션/의류,19524865,18919582,96.9,641,504,78.6,3021,37539,진행중
2023-03,캠페인_P,TikTok,여행,9237323,8785028,95.1,1616,2068,128.0,9162,4248,종료
2023-03,캠페인_B,KakaoTalk,뷰티/화장품,17481510,18301114,104.7,1256,1726,137.4,33598,10603,종료
2023-03,캠페인_C,Facebook,패션/의류,24993647,18480707,73.9,830,812,97.8,32429,22759,진행중
2023-04,캠페인_Q,Instagram,교육,18938961,16801884,88.7,247,165,66.8,37824,101830,종료
2023-04,캠페인_T,YouTube,여행,19226396,17403345,90.5,1199,824,68.7,22953,21121,종료
2023-04,캠페인_E,KakaoTalk,뷰티/화장품,6804500,6176129,90.8,1375,1812,131.8,18126,3408,종료
2023-04,캠페인_S,Facebook,패션/의류,18833229,18339100,97.4,1636,1897,116.0,18726,9667,종료
2023-04,캠페인_H,YouTube,금융,28649640,22206109,77.5,1369,839,61.3,34102,26467,종료
2023-04,캠페인_H,KakaoTalk,식품/음료,26458963,21099532,79.7,365,217,59.5,7364,97233,일시중지
2023-04,캠페인_O,Facebook,게임,21270150,16962874,79.7,1993,2353,118.1,15373,7209,일시중지
2023-04,캠페인_I,Facebook,패션/의류,4915673,4497064,91.5,1864,1441,77.3,28074,3121,진행중
2023-04,캠페인_P,KakaoTalk,식품/음료,10816885,9984806,92.3,1278,735,57.5,12161,13585,진행중
2023-04,캠페인_O,Facebook,뷰티/화장품,11373829,9232539,81.2,1801,1436,79.7,46093,6429,종료
2023-04,캠페인_K,KakaoTalk,뷰티/화장품,19513206,18468241,94.6,1258,1746,138.8,21949,10577,종료
2023-04,캠페인_B,Naver,교육,29277180,22496913,76.8,1237,1034,83.6,9577,21757,진행중
2023-04,캠페인_H,Naver,식품/음료,11783806,10842738,92.0,1429,744,52.1,48151,14574,일시중지
2023-04,캠페인_G,TikTok,게임,23970342,21206097,88.5,813,623,76.6,27546,34039,종료
2023-04,캠페인_L,YouTube,전자기기,24148523,21066740,87.2,73,67,91.8,40777,314429,일시중지
2023-04,캠페인_N,Naver,패션/의류,10260534,7300645,71.2,303,340,112.2,3477,21472,종료
2023-04,캠페인_Q,TikTok,패션/의류,28262608,23777467,84.1,389,368,94.6,20981,64613,진행중
2023-04,캠페인_M,YouTube,금융,4093350,3634383,88.8,484,537,111.0,22220,6768,진행중
2023-04,캠페인_M,Facebook,금융,1449204,1203452,83.0,635,781,123.0,24588,1541,종료
2023-04,캠페인_Q,Instagram,게임,6389942,5576125,87.3,1030,930,90.3,36301,5996,일시중지
2023-04,캠페인_D,Facebook,금융,5677057,5894295,103.8,1926,1338,69.5,24188,4405,진행중
2023-04,캠페인_J,TikTok,패션/의류,4669823,4167289,89.2,889,671,75.5,44738,6211,종료
2023-04,캠페인_G,Instagram,금융,11309236,9298400,82.2,867,611,70.5,9876,15218,진행중
2023-04,캠페인_T,YouTube,패션/의류,9593868,8206466,85.5,1366,1256,91.9,48638,6534,일시중지
2023-05,캠페인_L,YouTube,게임,19384631,17760012,91.6,452,459,101.5,49144,38693,진행중
2023-05,캠페인_Q,YouTube,전자기기,23910432,24167426,101.1,749,622,83.0,9511,38854,종료
2023-05,캠페인_B,Instagram,패션/의류,10318095,8977242,87.0,1799,2388,132.7,31474,3759,진행중
2023-05,캠페인_A,KakaoTalk,여행,15062820,15482456,102.8,239,158,66.1,39928,97990,종료
2023-05,캠페인_D,Facebook,여행,1392949,1062380,76.3,1180,1478,125.3,49851,719,진행중
2023-05,캠페인_A,Naver,패션/의류,27129512,23579456,86.9,1221,840,68.8,11508,28071,종료
2023-05,캠페인_M,TikTok,식품/음료,12186857,12567436,103.1,1291,1482,114.8,3591,8480,종료
2023-05,캠페인_S,TikTok,패션/의류,2597861,2619964,100.9,475,318,66.9,33229,8239,일시중지
2023-05,캠페인_C,KakaoTalk,전자기기,12775899,11943972,93.5,1150,1506,131.0,6081,7931,일시중지
2023-05,캠페인_B,YouTube,게임,29515668,29731562,100.7,1976,1986,100.5,41221,14971,일시중지
2023-05,캠페인_B,KakaoTalk,게임,4135596,3083369,74.6,1662,1991,119.8,10296,1549,종료
2023-05,캠페인_Q,YouTube,뷰티/화장품,18227596,16663952,91.4,1202,1033,85.9,24229,16132,종료
2023-05,캠페인_K,TikTok,패션/의류,14776036,10649343,72.1,1517,1722,113.5,22243,6184,진행중
2023-05,캠페인_G,Facebook,게임,27695806,23447191,84.7,782,547,69.9,49579,42865,진행중
2023-05,캠페인_O,Facebook,패션/의류,15678988,12097014,77.2,1413,1877,132.8,35303,6445,종료
2023-05,캠페인_T,TikTok,뷰티/화장품,12488355,10504715,84.1,233,132,56.7,5412,79581,진행중
2023-05,캠페인_Q,TikTok,식품/음료,18145381,17132266,94.4,57,69,121.1,25531,248294,진행중
2023-05,캠페인_L,KakaoTalk,식품/음료,22968176,22301226,97.1,1566,807,51.5,27801,27635,종료
2023-05,캠페인_A,KakaoTalk,전자기기,25073025,18027428,71.9,392,208,53.1,8148,86670,종료
2023-05,캠페인_J,KakaoTalk,식품/음료,23527716,22605157,96.1,253,265,104.7,47421,85302,진행중
2023-05,캠페인_N,KakaoTalk,패션/의류,526022,466330,88.7,1334,796,59.7,32435,586,일시중지
2023-05,캠페인_A,TikTok,여행,2216058,2232120,100.7,1058,872,82.4,34859,2560,종료
2023-05,캠페인_L,KakaoTalk,여행,16511497,14756771,89.4,891,566,63.5,40866,26072,종료
2023-05,캠페인_H,TikTok,교육,8125938,6849484,84.3,289,261,90.3,14095,26243,종료
2023-05,캠페인_S,Facebook,교육,23763016,21791769,91.7,1550,1660,107.1,28786,13128,일시중지
2023-06,캠페인_C,YouTube,금융,15857791,13786609,86.9,1088,1406,129.2,49382,9806,종료
2023-06,캠페인_F,TikTok,금융,8980245,8739537,97.3,767,569,74.2,44207,15359,진행중
2023-06,캠페인_N,Facebook,금융,4270389,3726580,87.3,397,389,98.0,38474,9580,일시중지
2023-06,캠페인_S,Facebook,금융,23931564,19997091,83.6,277,377,136.1,10235,53043,일시중지
2023-06,캠페인_P,YouTube,전자기기,7335989,6703260,91.4,821,635,77.3,19873,10556,종료
2023-06,캠페인_L,Naver,여행,7175725,6726690,93.7,163,151,92.6,47979,44548,진행중
2023-06,캠페인_D,Instagram,뷰티/화장품,20880433,15097369,72.3,828,713,86.1,7526,21174,진행중
2023-06,캠페인_S,Naver,여행,7109020,7075454,99.5,1263,1386,109.7,49614,5105,종료
2023-06,캠페인_T,YouTube,여행,907180,720327,79.4,193,249,129.0,3595,2893,진행중
2023-06,캠페인_D,TikTok,여행,26843061,23047413,85.9,573,399,69.6,13858,57763,종료
2023-06,캠페인_N,Facebook,게임,22132145,22494595,101.6,285,230,80.7,11970,97803,진행중
2023-06,캠페인_B,Naver,패션/의류,4488603,4088187,91.1,433,432,99.8,19836,9463,진행중
2023-06,캠페인_K,Instagram,금융,29724124,27317273,91.9,1765,2009,113.8,35498,13597,진행중
2023-06,캠페인_H,Facebook,게임,7662619,6570174,85.7,1392,1221,87.7,31362,5381,진행중
2023-06,캠페인_O,Facebook,교육,26523320,23973258,90.4,1008,1058,105.0,48788,22659,진행중
2023-06,캠페인_N,YouTube,금융,26862239,23305563,86.8,528,295,55.9,20142,79002,일시중지
2023-06,캠페인_H,KakaoTalk,패션/의류,4835726,4340069,89.8,739,406,54.9,21088,10690,종료
2023-06,캠페인_N,Instagram,교육,11938080,11279595,94.5,1753,1670,95.3,32461,6754,종료
2023-06,캠페인_T,YouTube,게임,20325010,15898514,78.2,89,65,73.0,17937,244593,종료
2023-06,캠페인_Q,Naver,패션/의류,24493314,23010273,93.9,1721,1868,108.5,19320,12318,종료
2023-06,캠페인_T,Instagram,패션/의류,3686610,2581672,70.0,685,561,81.9,43566,4602,일시중지
2023-06,캠페인_G,YouTube,식품/음료,24205705,17082233,70.6,1178,1292,109.7,21994,13222,진행중
2023-06,캠페인_I,YouTube,게임,28932532,22560604,78.0,1082,1246,115.2,14974,18106,진행중
2023-06,캠페인_A,Naver,금융,14066511,12233309,87.0,815,1024,125.6,21341,11947,일시중지
2023-07,캠페인_E,KakaoTalk,전자기기,3816765,3264639,85.5,1149,1537,133.8,37173,2124,종료
2023-07,캠페인_A,KakaoTalk,식품/음료,16568688,16153166,97.5,381,370,97.1,22864,43657,종료
2023-07,캠페인_R,KakaoTalk,패션/의류,4814515,4690460,97.4,322,373,115.8,23526,12575,종료
2023-07,캠페인_N,Instagram,전자기기,2714280,2378855,87.6,476,400,84.0,43943,5947,일시중지
2023-07,캠페인_A,TikTok,전자기기,18817868,18039793,95.9,614,433,70.5,18667,41662,진행중
2023-07,캠페인_K,Naver,여행,4141378,3248747,78.4,944,683,72.4,16639,4757,진행중
2023-07,캠페인_K,Naver,뷰티/화장품,3377810,2753615,81.5,1987,1990,100.2,19569,1384,진행중
2023-07,캠페인_K,Naver,뷰티/화장품,22444328,17098478,76.2,1573,1975,125.6,15032,8657,종료
2023-07,캠페인_H,YouTube,금융,25251685,22498640,89.1,1868,2081,111.4,39694,10811,진행중
2023-07,캠페인_J,YouTube,전자기기,22078958,20333983,92.1,1144,1212,105.9,37452,16777,일시중지
2023-07,캠페인_J,Facebook,전자기기,24239946,20662459,85.2,1810,2515,139.0,9816,8216,종료
2023-07,캠페인_T,KakaoTalk,뷰티/화장품,23196809,18158729,78.3,1891,1326,70.1,19184,13694,종료
2023-07,캠페인_H,Instagram,뷰티/화장품,18489269,18772838,101.5,405,289,71.4,28903,64958,진행중
2023-07,캠페인_N,Instagram,교육,4543593,3305769,72.8,1389,1291,92.9,40675,2561,진행중
2023-07,캠페인_O,KakaoTalk,전자기기,3817300,3357727,88.0,766,856,111.7,9327,3923,종료
2023-07,캠페인_H,KakaoTalk,패션/의류,23643698,19023859,80.5,713,720,101.0,32542,26422,진행중
2023-07,캠페인_L,YouTube,게임,7434895,5905768,79.4,1981,1903,96.1,20190,3103,진행중
2023-07,캠페인_G,YouTube,패션/의류,4501852,4083270,90.7,693,479,69.1,29921,8525,일시중지
2023-07,캠페인_N,Facebook,뷰티/화장품,26701341,21913193,82.1,1800,1933,107.4,40502,11336,진행중
2023-07,캠페인_H,Instagram,뷰티/화장품,4382697,4526109,103.3,1168,915,78.3,29671,4947,진행중
2023-07,캠페인_K,Naver,게임,27964502,26158331,93.5,199,203,102.0,5329,128859,진행중
2023-07,캠페인_Q,YouTube,식품/음료,15831529,15983495,101.0,1424,1816,127.5,12497,8801,진행중
2023-07,캠페인_O,Instagram,여행,11223723,8812553,78.5,681,448,65.8,38432,19671,진행중
2023-07,캠페인_H,Instagram,게임,13015576,12323340,94.7,265,200,75.5,35881,61617,종료
2023-07,캠페인_F,KakaoTalk,게임,16346885,11802325,72.2,524,614,117.2,19054,19222,진행중
2023-07,캠페인_L,Facebook,금융,2314971,1997842,86.3,469,656,139.9,42217,3045,일시중지
2023-08,캠페인_A,Instagram,게임,8018477,6979502,87.0,1820,1589,87.3,33797,4392,종료
2023-08,캠페인_C,KakaoTalk,여행,20395373,19807324,97.1,819,464,56.7,35417,42688,종료
2023-08,캠페인_S,Facebook,게임,5444780,5649632,103.8,409,402,98.3,38805,14054,일시중지
2023-08,캠페인_R,YouTube,식품/음료,25216450,18064101,71.6,1795,1771,98.7,7009,10200,종료
2023-08,캠페인_T,Naver,여행,19763321,19715058,99.8,1563,826,52.8,10866,23868,종료
2023-08,캠페인_K,Naver,게임,16025856,15444612,96.4,148,160,108.1,46315,96529,종료
2023-08,캠페인_Q,YouTube,게임,27669471,19609799,70.9,745,555,74.5,33209,35333,진행중
2023-08,캠페인_L,Instagram,여행,6927409,5617616,81.1,1210,672,55.5,34124,8360,진행중
2023-08,캠페인_O,TikTok,금융,18173795,14946597,82.2,209,283,135.4,38214,52815,일시중지
2023-08,캠페인_K,Naver,교육,500310,514977,102.9,1316,1291,98.1,30321,399,진행중
2023-08,캠페인_M,Instagram,여행,21965373,20211132,92.0,643,730,113.5,48386,27686,일시중지
2023-08,캠페인_L,Naver,금융,3825204,2700163,70.6,1677,1378,82.2,35423,1959,종료
2023-08,캠페인_B,KakaoTalk,금융,20955027,16543732,78.9,1989,1391,69.9,28933,11893,진행중
2023-08,캠페인_T,KakaoTalk,여행,19852083,15917107,80.2,1499,1563,104.3,7161,10184,일시중지
2023-08,캠페인_F,YouTube,패션/의류,29545183,30473740,103.1,1739,889,51.1,26529,34279,종료
2023-08,캠페인_G,Facebook,게임,24420754,21590386,88.4,865,981,113.4,45072,22009,종료
2023-08,캠페인_C,Facebook,패션/의류,15103950,13631551,90.3,487,678,139.2,44442,20106,종료
2023-08,캠페인_R,YouTube,여행,7433911,6038958,81.2,1952,1598,81.9,21267,3779,진행중
2023-08,캠페인_Q,Instagram,전자기기,22284746,23050368,103.4,1947,1116,57.3,17863,20654,종료
2023-08,캠페인_T,Facebook,여행,19355266,19243091,99.4,727,406,55.8,4357,47397,일시중지
2023-09,캠페인_B,KakaoTalk,교육,18624121,19350077,103.9,1528,1458,95.4,41052,13272,진행중
2023-09,캠페인_E,YouTube,식품/음료,26992301,26322502,97.5,1701,2290,134.6,10956,11495,진행중
2023-09,캠페인_M,TikTok,뷰티/화장품,11147332,7963910,71.4,543,277,51.0,27925,28751,진행중
2023-09,캠페인_Q,TikTok,교육,1187454,849347,71.5,1327,1719,129.5,30394,494,진행중
2023-09,캠페인_M,Facebook,교육,22159425,20668806,93.3,59,38,64.4,45499,543916,종료
2023-09,캠페인_F,TikTok,게임,4823664,4414237,91.5,355,268,75.5,18264,16471,진행중
2023-09,캠페인_O,KakaoTalk,뷰티/화장품,21466900,18673689,87.0,448,453,101.1,6818,41222,진행중
2023-09,캠페인_L,Instagram,전자기기,11874153,11220552,94.5,642,426,66.4,45881,26339,진행중
2023-09,캠페인_L,KakaoTalk,여행,28786601,20688704,71.9,704,833,118.3,30629,24836,종료
2023-09,캠페인_F,YouTube,금융,15491731,11478140,74.1,397,366,92.2,31993,31361,종료
2023-09,캠페인_P,Facebook,여행,28029610,29416325,104.9,1579,1208,76.5,31026,24351,진행중
2023-09,캠페인_I,Naver,금융,6417746,5865017,91.4,712,648,91.0,49326,9051,진행중
2023-09,캠페인_Q,Instagram,게임,21830568,15577394,71.4,1404,1151,82.0,22901,13534,종료
2023-09,캠페인_D,KakaoTalk,식품/음료,24389101,23553878,96.6,445,419,94.2,15096,56215,진행중
2023-09,캠페인_O,TikTok,전자기기,26590251,23200828,87.3,914,554,60.6,43724,41879,종료
2023-09,캠페인_J,KakaoTalk,금융,29957470,22291953,74.4,81,96,118.5,8351,232208,일시중지
2023-09,캠페인_H,YouTube,금융,19085018,16216137,85.0,887,529,59.6,4928,30654,진행중
2023-09,캠페인_P,KakaoTalk,교육,712575,594408,83.4,243,183,75.3,7464,3248,일시중지
2023-09,캠페인_R,Instagram,식품/음료,17802281,14829657,83.3,857,503,58.7,46844,29482,일시중지
2023-09,캠페인_D,Facebook,뷰티/화장품,10517012,7869053,74.8,606,648,106.9,47316,12144,종료
2023-09,캠페인_E,YouTube,전자기기,23356158,18208535,78.0,1612,856,53.1,25516,21272,종료
2023-09,캠페인_F,YouTube,금융,15942073,12930280,81.1,1279,652,51.0,49313,19832,진행중
2023-09,캠페인_C,Facebook,전자기기,17867814,14266031,79.8,1683,2027,120.4,21570,7038,일시중지
2023-09,캠페인_R,Naver,교육,13218294,12429758,94.0,1528,1551,101.5,8288,8014,일시중지
2023-09,캠페인_H,Facebook,뷰티/화장품,23415888,21502229,91.8,1759,2077,118.1,15669,10353,일시중지
2023-09,캠페인_E,TikTok,교육,714091,536419,75.1,267,349,130.7,29231,1537,종료
2023-10,캠페인_S,KakaoTalk,교육,22496295,20789760,92.4,69,35,50.7,40877,593993,진행중
2023-10,캠페인_I,KakaoTalk,금융,14338111,12543498,87.5,1614,2017,125.0,31253,6219,진행중
2023-10,캠페인_J,Facebook,전자기기,8302064,8212251,98.9,1296,760,58.6,21651,10806,종료
2023-10,캠페인_F,KakaoTalk,패션/의류,3357794,3307072,98.5,176,126,71.6,38673,26247,진행중
2023-10,캠페인_R,TikTok,전자기기,10565748,9105202,86.2,1544,1187,76.9,42139,7671,진행중
2023-10,캠페인_M,KakaoTalk,식품/음료,3092767,3025143,97.8,442,278,62.9,39773,10882,진행중
2023-10,캠페인_I,TikTok,금융,3788515,3838702,101.3,482,367,76.1,42085,10460,진행중
2023-10,캠페인_C,YouTube,패션/의류,23169295,18555430,80.1,708,591,83.5,33044,31397,진행중
2023-10,캠페인_L,Facebook,패션/의류,17375559,15951691,91.8,982,901,91.8,27222,17704,일시중지
2023-10,캠페인_F,TikTok,교육,25596824,20133989,78.7,1064,1277,120.0,14791,15767,일시중지
2023-10,캠페인_G,TikTok,여행,23673638,16804741,71.0,1912,2424,126.8,4881,6933,진행중
2023-10,캠페인_G,TikTok,패션/의류,27138337,26311728,97.0,222,255,114.9,11177,103183,종료
2023-10,캠페인_B,YouTube,여행,9306570,8654060,93.0,254,233,91.7,36842,37142,진행중
2023-11,캠페인_A,KakaoTalk,게임,2030135,1918564,94.5,451,447,99.1,26897,4292,진행중
2023-11,캠페인_J,Facebook,게임,3289820,2535463,77.1,601,338,56.2,27053,7501,종료
2023-11,캠페인_A,Instagram,식품/음료,21267774,19231117,90.4,764,790,103.4,13194,24343,진행중
2023-11,캠페인_B,Instagram,여행,11394479,8496006,74.6,1201,839,69.9,36398,10126,종료
2023-11,캠페인_D,YouTube,게임,3613291,2673473,74.0,1636,1170,71.5,22883,2285,종료
2023-11,캠페인_N,TikTok,식품/음료,27527296,24997532,90.8,529,698,131.9,46752,35813,진행중
2023-11,캠페인_A,TikTok,패션/의류,4800753,4699917,97.9,172,190,110.5,8859,24736,진행중
2023-11,캠페인_O,KakaoTalk,게임,18217640,17992025,98.8,751,623,83.0,20770,28880,진행중
2023-11,캠페인_L,TikTok,여행,6815799,6526212,95.8,545,451,82.8,6943,14471,종료
2023-11,캠페인_C,TikTok,뷰티/화장품,1918945,1998855,104.2,1180,814,69.0,16412,2456,일시중지
2023-11,캠페인_F,Facebook,전자기기,25807669,21016514,81.4,198,219,110.6,45306,95966,진행중
2023-11,캠페인_S,YouTube,교육,787236,649675,82.5,817,739,90.5,8342,879,종료
2023-11,캠페인_H,TikTok,교육,23167599,17882956,77.2,99,82,82.8,3512,218085,일시중지
2023-11,캠페인_P,YouTube,패션/의류,3782347,3792439,100.3,1456,1694,116.3,12357,2239,일시중지
2023-11,캠페인_R,Facebook,금융,7860513,6307044,80.2,1016,1149,113.1,6117,5489,일시중지
2023-11,캠페인_P,TikTok,교육,4522256,3587125,79.3,1322,875,66.2,47648,4100,진행중
2023-11,캠페인_M,KakaoTalk,식품/음료,11783824,11709234,99.4,1621,1364,84.1,14652,8584,진행중
2023-11,캠페인_K,YouTube,뷰티/화장품,10061187,7678936,76.3,1092,1069,97.9,29982,7183,일시중지
2023-11,캠페인_M,Instagram,뷰티/화장품,20662566,18684026,90.4,1888,1515,80.2,31882,12333,종료
2023-11,캠페인_P,TikTok,게임,25783891,23929691,92.8,1420,1551,109.2,19121,15429,일시중지
2023-12,캠페인_G,Naver,교육,3237603,3161894,97.7,180,137,76.1,46655,23080,종료
2023-12,캠페인_Q,Instagram,여행,23353391,23405656,100.2,399,433,108.5,22514,54055,일시중지
2023-12,캠페인_H,YouTube,패션/의류,23831690,20562197,86.3,1710,1864,109.0,9578,11031,종료
2023-12,캠페인_F,Naver,금융,25346556,24800177,97.8,76,56,73.7,24937,442860,종료
2023-12,캠페인_H,Facebook,뷰티/화장품,21076323,18410437,87.4,1947,1644,84.4,11928,11199,진행중
2023-12,캠페인_S,YouTube,금융,14686250,12110943,82.5,1432,1324,92.5,23774,9147,일시중지
2023-12,캠페인_O,Naver,여행,23746739,19309066,81.3,1523,1321,86.7,26553,14617,일시중지
2023-12,캠페인_P,Facebook,식품/음료,7556169,6105474,80.8,862,580,67.3,36413,10527,진행중
2023-12,캠페인_D,Naver,게임,16577203,15082796,91.0,909,1119,123.1,30691,13479,진행중
2023-12,캠페인_D,Instagram,뷰티/화장품,4473107,3693032,82.6,1609,1068,66.4,29173,3458,진행중
2023-12,캠페인_N,YouTube,게임,29843376,27348795,91.6,1741,912,52.4,11102,29988,진행중
2023-12,캠페인_F,KakaoTalk,패션/의류,4886977,3433933,70.3,1035,1028,99.3,39949,3340,진행중
2023-12,캠페인_T,TikTok,패션/의류,3453983,2793416,80.9,1907,2590,135.8,7629,1079,진행중
2023-12,캠페인_L,Naver,식품/음료,8132645,7568012,93.1,536,296,55.2,34812,25568,진행중
2023-12,캠페인_R,KakaoTalk,게임,23319716,20542515,88.1,128,127,99.2,30426,161752,진행중
2023-12,캠페인_I,YouTube,뷰티/화장품,12736177,11916917,93.6,78,58,74.4,17074,205464,진행중
2024-01,캠페인_S,TikTok,여행,12941919,9585176,74.1,955,938,98.2,16833,10219,종료
2024-01,캠페인_G,Instagram,여행,20456332,15156983,74.1,475,549,115.6,32675,27608,일시중지
2024-01,캠페인_S,KakaoTalk,금융,8145663,7470735,91.7,1893,2375,125.5,40840,3146,종료
2024-01,캠페인_I,Facebook,패션/의류,16161248,13899359,86.0,352,250,71.0,30441,55597,진행중
2024-01,캠페인_I,KakaoTalk,게임,15041678,14764946,98.2,1783,1464,82.1,32911,10085,진행중
2024-01,캠페인_F,Facebook,게임,12113879,9113160,75.2,1345,1004,74.6,22162,9077,종료
2024-01,캠페인_E,Naver,교육,6396271,5353990,83.7,1818,1686,92.7,21298,3176,진행중
2024-01,캠페인_N,Instagram,여행,10948095,10404378,95.0,103,140,135.9,41218,74317,일시중지
2024-01,캠페인_G,Instagram,게임,21831820,16541661,75.8,1482,1956,132.0,16715,8457,종료
2024-01,캠페인_K,YouTube,패션/의류,22654468,18187718,80.3,842,493,58.6,42207,36892,종료
2024-01,캠페인_S,Instagram,식품/음료,12273253,9573360,78.0,1468,1048,71.4,17790,9135,진행중
2024-01,캠페인_P,Facebook,뷰티/화장품,13190785,11100847,84.2,777,696,89.6,38847,15949,일시중지
2024-01,캠페인_S,Naver,식품/음료,12707848,9361549,73.7,791,989,125.0,11878,9466,진행중
2024-01,캠페인_N,Naver,패션/의류,1646776,1255554,76.2,315,354,112.4,11061,3547,진행중
2024-01,캠페인_T,Facebook,게임,19544466,15258382,78.1,870,589,67.7,44271,25906,진행중
2024-01,캠페인_T,Naver,식품/음료,8783656,7667428,87.3,860,795,92.4,40045,9645,종료
2024-01,캠페인_A,KakaoTalk,금융,14227828,12433689,87.4,859,464,54.0,23242,26797,일시중지
2024-01,캠페인_M,KakaoTalk,뷰티/화장품,21717389,20699362,95.3,1621,1482,91.4,42352,13967,진행중
2024-01,캠페인_O,Naver,식품/음료,11335106,10756147,94.9,1676,862,51.4,40641,12478,일시중지
2024-01,캠페인_E,Facebook,패션/의류,13790666,13204779,95.8,1443,1380,95.6,14299,9569,진행중
2024-01,캠페인_A,KakaoTalk,식품/음료,16737859,16062627,96.0,106,80,75.5,8888,200783,일시중지
2024-01,캠페인_I,Naver,패션/의류,16362965,14278678,87.3,1916,2024,105.6,9267,7055,진행중
2024-02,캠페인_E,Naver,뷰티/화장품,12628854,9264927,73.4,1680,1168,69.5,49422,7932,진행중
2024-02,캠페인_A,YouTube,교육,16034724,13897236,86.7,418,517,123.7,48475,26881,진행중
2024-02,캠페인_T,Facebook,전자기기,2199180,1715137,78.0,679,544,80.1,44800,3153,일시중지
2024-02,캠페인_A,Facebook,교육,24117853,17649836,73.2,552,622,112.7,30045,28376,진행중
2024-02,캠페인_J,Facebook,식품/음료,21208008,22189110,104.6,954,936,98.1,8639,23706,일시중지
2024-02,캠페인_A,TikTok,식품/음료,1796439,1451732,80.8,1224,1023,83.6,48715,1419,종료
2024-02,캠페인_S,YouTube,금융,25892851,25402547,98.1,1766,1007,57.0,49194,25226,진행중
2024-02,캠페인_L,KakaoTalk,게임,29954843,30695008,102.5,89,62,69.7,34538,495081,종료
2024-02,캠페인_C,Instagram,게임,9827356,6902668,70.2,856,974,113.8,27879,7087,진행중
2024-02,캠페인_B,Instagram,금융,22471665,23108927,102.8,1197,1577,131.7,10718,14654,진행중
2024-02,캠페인_H,YouTube,게임,26621424,24920730,93.6,128,165,128.9,30269,151035,종료
2024-02,캠페인_H,Facebook,금융,21630140,16678451,77.1,1840,1456,79.1,38605,11455,종료
2024-02,캠페인_Q,Naver,뷰티/화장품,9149682,7287025,79.6,959,551,57.5,14629,13225,진행중
2024-02,캠페인_N,Facebook,전자기기,12405451,11307053,91.1,1332,803,60.3,44753,14081,종료
2024-02,캠페인_P,Instagram,여행,26328652,25700126,97.6,1251,1092,87.3,45093,23535,진행중
2024-02,캠페인_G,Instagram,교육,14661951,11134328,75.9,1985,1340,67.5,36794,8309,일시중지
2024-02,캠페인_C,Naver,패션/의류,20290730,15161889,74.7,1343,1862,138.6,42935,8143,종료
2024-02,캠페인_J,Instagram,전자기기,20311018,19965295,98.3,462,493,106.7,11893,40498,종료
2024-02,캠페인_A,YouTube,식품/음료,24504580,22942642,93.6,235,284,120.9,27579,80784,종료
2024-02,캠페인_T,Instagram,전자기기,6465436,6449373,99.8,1211,860,71.0,45695,7499,진행중
2024-02,캠페인_K,KakaoTalk,교육,8422462,7954581,94.4,1766,2054,116.3,39359,3873,진행중
2024-02,캠페인_L,Naver,교육,6220900,4471565,71.9,1897,2458,129.6,49545,1819,진행중
2024-02,캠페인_I,KakaoTalk,금융,653854,579721,88.7,1159,652,56.3,35787,889,진행중
2024-03,캠페인_G,Instagram,금융,13055888,10653932,81.6,1572,1083,68.9,36746,9837,일시중지
2024-03,캠페인_E,Instagram,금융,15323110,11802402,77.0,1160,1236,106.6,14732,9549,일시중지
2024-03,캠페인_R,YouTube,교육,24389174,19129295,78.4,1612,1335,82.8,40723,14329,진행중
2024-03,캠페인_N,Instagram,여행,17146421,15724114,91.7,1638,1009,61.6,5958,15584,진행중
2024-03,캠페인_L,Facebook,패션/의류,16756736,16369238,97.7,538,582,108.2,8999,28126,진행중
2024-03,캠페인_B,TikTok,금융,4612665,3265034,70.8,1962,2282,116.3,48128,1431,진행중
2024-03,캠페인_F,Facebook,여행,21705121,22313869,102.8,1536,2016,131.2,32272,11068,진행중
2024-03,캠페인_A,YouTube,교육,8957860,6924334,77.3,1590,1151,72.4,10069,6016,종료
2024-03,캠페인_M,Instagram,금융,18759023,17329045,92.4,85,111,130.6,16343,156118,종료
2024-03,캠페인_P,Facebook,식품/음료,20422947,21318442,104.4,814,1020,125.3,13397,20900,일시중지
2024-03,캠페인_L,Instagram,게임,3228571,2352971,72.9,894,656,73.4,21447,3587,진행중
2024-03,캠페인_N,Naver,여행,15377009,11075677,72.0,629,551,87.6,9020,20101,일시중지
2024-03,캠페인_A,TikTok,교육,14114036,13336189,94.5,1527,942,61.7,29049,14157,진행중
2024-03,캠페인_L,Naver,전자기기,8843528,8964372,101.4,717,645,90.0,45379,13898,일시중지
2024-03,캠페인_K,Naver,식품/음료,8197297,8482369,103.5,1612,1456,90.3,4670,5826,진행중
2024-03,캠페인_B,Naver,여행,8794744,8582285,97.6,263,344,130.8,41381,24949,진행중
2024-03,캠페인_A,Naver,뷰티/화장품,19422001,16684200,85.9,1378,1653,120.0,18612,10093,일시중지
2024-04,캠페인_K,Instagram,패션/의류,9101891,7094125,77.9,712,976,137.1,27187,7269,진행중
2024-04,캠페인_R,TikTok,식품/음료,5518588,4582954,83.0,635,513,80.8,40384,8934,종료
2024-04,캠페인_N,Instagram,전자기기,13441161,9866566,73.4,459,532,115.9,34850,18546,진행중
2024-04,캠페인_N,Naver,뷰티/화장품,19373825,17674860,91.2,277,277,100.0,44305,63808,종료
2024-04,캠페인_H,Facebook,전자기기,1721028,1386635,80.6,1412,1444,102.3,40638,960,일시중지
2024-04,캠페인_F,YouTube,뷰티/화장품,8545201,7463265,87.3,1102,789,71.6,6571,9459,종료
2024-04,캠페인_N,Facebook,뷰티/화장품,27317829,25890492,94.8,1735,1998,115.2,33499,12958,종료
2024-04,캠페인_G,Naver,패션/의류,3637337,2923099,80.4,1235,1695,137.2,42381,1725,종료
2024-04,캠페인_K,Naver,뷰티/화장품,2308607,1859709,80.6,399,405,101.5,40142,4592,진행중
2024-04,캠페인_B,Naver,전자기기,1196288,1067486,89.2,313,249,79.6,20163,4287,진행중
2024-04,캠페인_G,Facebook,금융,20324902,20367022,100.2,264,296,112.1,9657,68808,진행중
2024-04,캠페인_T,Instagram,금융,25632185,25263384,98.6,614,598,97.4,35730,42246,종료
2024-04,캠페인_T,KakaoTalk,전자기기,24738813,19593171,79.2,1864,1894,101.6,48590,10345,일시중지
2024-04,캠페인_F,KakaoTalk,패션/의류,23904958,22372304,93.6,1277,1546,121.1,3179,14471,일시중지
2024-04,캠페인_F,YouTube,전자기기,15621353,14831834,94.9,656,690,105.2,14615,21495,진행중
2024-04,캠페인_T,Naver,식품/음료,23075201,23687391,102.7,665,484,72.8,11753,48941,종료
2024-04,캠페인_K,TikTok,뷰티/화장품,26459882,21792031,82.4,1798,1451,80.7,36278,15019,진행중
2024-04,캠페인_R,YouTube,여행,18499679,14117261,76.3,233,309,132.6,10733,45687,종료
2024-05,캠페인_O,KakaoTalk,게임,21171300,22051721,104.2,259,284,109.7,19010,77647,진행중
2024-05,캠페인_T,Naver,교육,4206998,3621573,86.1,62,66,106.5,23262,54872,진행중
2024-05,캠페인_A,Naver,전자기기,5548448,5345638,96.3,927,887,95.7,36523,6027,진행중
2024-05,캠페인_S,Naver,뷰티/화장품,24151682,20475178,84.8,298,338,113.4,35017,60577,일시중지
2024-05,캠페인_P,KakaoTalk,뷰티/화장품,28754485,30014092,104.4,1376,1773,128.9,30691,16928,종료
2024-05,캠페인_P,Naver,교육,27644471,26481314,95.8,404,389,96.3,39459,68075,종료
2024-05,캠페인_J,Instagram,전자기기,23974569,21293878,88.8,1762,991,56.2,7828,21487,일시중지
2024-05,캠페인_O,YouTube,교육,19015752,17258934,90.8,1559,1735,111.3,33966,9948,진행중
2024-05,캠페인_M,Instagram,패션/의류,21085500,18705271,88.7,1613,2255,139.8,33514,8295,일시중지
2024-05,캠페인_K,KakaoTalk,게임,8162555,7644778,93.7,1842,1159,62.9,23465,6596,종료
2024-05,캠페인_J,KakaoTalk,여행,19785190,16644913,84.1,1262,895,70.9,18171,18598,종료
2024-05,캠페인_G,TikTok,식품/음료,22349916,22347125,100.0,932,1254,134.5,37154,17821,진행중
2024-05,캠페인_O,KakaoTalk,여행,22224566,21758791,97.9,1111,1385,124.7,22826,15710,진행중
2024-05,캠페인_I,KakaoTalk,패션/의류,29436946,26058173,88.5,1874,1707,91.1,43421,15265,일시중지
2024-05,캠페인_O,Naver,식품/음료,14658077,13633445,93.0,1990,1699,85.4,25230,8024,종료
2024-05,캠페인_H,Naver,뷰티/화장품,14383180,13059421,90.8,1921,1536,80.0,32424,8502,종료
2024-05,캠페인_M,YouTube,교육,7679827,7147166,93.1,1074,623,58.0,47022,11472,종료
2024-05,캠페인_R,Instagram,교육,13439175,10887532,81.0,1149,1444,125.7,26584,7540,종료
2024-05,캠페인_F,TikTok,금융,7064570,5260914,74.5,1907,1866,97.9,8786,2819,진행중
2024-05,캠페인_I,Naver,식품/음료,12170092,11240681,92.4,1074,810,75.4,30891,13877,종료
2024-05,캠페인_Q,Facebook,전자기기,13419561,10141359,75.6,532,542,101.9,5302,18711,종료
2024-05,캠페인_N,YouTube,식품/음료,2746476,2343298,85.3,749,521,69.6,28355,4498,진행중
2024-05,캠페인_E,KakaoTalk,전자기기,24229625,20372164,84.1,1703,1905,111.9,30823,10694,진행중
2024-06,캠페인_M,YouTube,패션/의류,17050543,17304830,101.5,61,65,106.6,6623,266228,종료
2024-06,캠페인_I,YouTube,전자기기,26701532,19348456,72.5,1004,644,64.1,31072,30044,일시중지
2024-06,캠페인_D,TikTok,패션/의류,26011404,19642856,75.5,1947,2708,139.1,34023,7254,진행중
2024-06,캠페인_N,KakaoTalk,교육,17177969,15453758,90.0,841,1056,125.6,28667,14634,진행중
2024-06,캠페인_D,Facebook,전자기기,17476006,18174601,104.0,1685,942,55.9,39703,19294,진행중
2024-06,캠페인_K,Instagram,식품/음료,29098539,22954387,78.9,1513,1891,125.0,24077,12139,진행중
2024-06,캠페인_H,Naver,뷰티/화장품,28354869,27608539,97.4,1946,1625,83.5,43949,16990,진행중
2024-06,캠페인_Q,KakaoTalk,여행,24370707,20717131,85.0,1633,1578,96.6,5081,13129,종료
2024-06,캠페인_S,KakaoTalk,여행,1251554,1307479,104.5,1931,1977,102.4,20132,661,진행중
2024-06,캠페인_O,TikTok,전자기기,26384443,22165666,84.0,291,190,65.3,23698,116661,진행중
2024-06,캠페인_J,KakaoTalk,전자기기,10937889,8819748,80.6,1018,1098,107.9,17224,8033,진행중
2024-06,캠페인_M,TikTok,뷰티/화장품,23329380,21325969,91.4,747,959,128.4,24345,22238,종료
2024-06,캠페인_S,Facebook,전자기기,21048966,19527883,92.8,473,429,90.7,31044,45520,진행중
2024-06,캠페인_E,Naver,패션/의류,14589215,12930444,88.6,1528,1146,75.0,44386,11283,종료
2024-06,캠페인_E,Instagram,뷰티/화장품,19043680,17922393,94.1,1981,1903,96.1,20561,9418,일시중지
2024-06,캠페인_S,Naver,게임,19644806,17300856,88.1,1832,1700,92.8,7873,10177,종료
2024-06,캠페인_J,Naver,패션/의류,14843809,14649172,98.7,98,71,72.4,14964,206326,종료
2024-06,캠페인_T,YouTube,게임,28675619,21989296,76.7,802,482,60.1,24351,45621,종료
2024-07,캠페인_C,TikTok,게임,12239862,11279420,92.2,889,1135,127.7,7801,9938,종료
2024-07,캠페인_N,Naver,게임,1828787,1796423,98.2,346,216,62.4,25837,8317,종료
2024-07,캠페인_R,Facebook,여행,21135720,18858248,89.2,1561,950,60.9,44925,19851,진행중
2024-07,캠페인_R,TikTok,패션/의류,27264461,22001089,80.7,1110,598,53.9,44496,36791,진행중
2024-07,캠페인_B,Facebook,교육,4747062,3635728,76.6,813,1129,138.9,43176,3220,진행중
2024-07,캠페인_O,Facebook,교육,16403107,12725219,77.6,583,356,61.1,15785,35745,종료
2024-07,캠페인_E,KakaoTalk,패션/의류,11537322,8786908,76.2,1636,2001,122.3,43416,4391,진행중
2024-07,캠페인_S,TikTok,교육,18474179,13402796,72.5,1952,2010,103.0,16666,6668,진행중
2024-07,캠페인_S,KakaoTalk,교육,25122393,25734630,102.4,1223,1457,119.1,9050,17663,진행중
2024-07,캠페인_Q,TikTok,여행,14458681,12155384,84.1,1639,825,50.3,43724,14734,종료
2024-07,캠페인_K,Facebook,여행,13776265,12367125,89.8,227,267,117.6,9403,46319,진행중
2024-07,캠페인_J,Naver,게임,14485858,12821126,88.5,1449,1470,101.4,5979,8722,종료
2024-07,캠페인_A,Naver,여행,16788431,16527517,98.4,1524,2065,135.5,8578,8004,종료
2024-07,캠페인_I,TikTok,전자기기,8787435,6741052,76.7,1114,584,52.4,11386,11543,일시중지
2024-07,캠페인_I,Naver,교육,8183752,7855728,96.0,393,374,95.2,19601,21005,종료
2024-07,캠페인_R,Facebook,식품/음료,1891255,1444065,76.4,1354,1692,125.0,33656,853,진행중
2024-07,캠페인_N,Naver,식품/음료,4015887,3523323,87.7,1822,1884,103.4,19851,1870,종료
2024-07,캠페인_N,KakaoTalk,금융,11948872,9997368,83.7,1401,747,53.3,39810,13383,진행중
2024-07,캠페인_K,TikTok,게임,26111609,25711092,98.5,681,874,128.3,46509,29418,진행중
2024-07,캠페인_A,Naver,전자기기,2855288,2220325,77.8,1990,1385,69.6,5575,1603,일시중지
2024-07,캠페인_M,Facebook,패션/의류,1534954,1565679,102.0,1290,1422,110.2,5476,1101,진행중
2024-08,캠페인_L,TikTok,전자기기,29929735,25295803,84.5,1936,1811,93.5,36281,13968,종료
2024-08,캠페인_H,Instagram,식품/음료,9507718,8132319,85.5,839,485,57.8,7644,16768,일시중지
2024-08,캠페인_C,KakaoTalk,여행,20265636,17204136,84.9,1695,2282,134.6,12531,7539,종료
2024-08,캠페인_K,TikTok,패션/의류,15927916,13260684,83.3,1416,1977,139.6,4395,6707,진행중
2024-08,캠페인_C,Instagram,패션/의류,8976931,9262777,103.2,747,926,124.0,43075,10003,진행중
2024-08,캠페인_M,Instagram,뷰티/화장품,10948617,9342882,85.3,1369,1406,102.7,37822,6645,종료
2024-08,캠페인_C,KakaoTalk,식품/음료,29724157,29038140,97.7,496,638,128.6,27990,45514,일시중지
2024-08,캠페인_D,Instagram,게임,14897423,14631274,98.2,1118,1251,111.9,39154,11696,일시중지
2024-08,캠페인_T,KakaoTalk,뷰티/화장품,6514075,5019817,77.1,957,1180,123.3,45122,4254,진행중
2024-08,캠페인_S,KakaoTalk,식품/음료,5489969,5547068,101.0,1767,1456,82.4,33874,3810,진행중
2024-08,캠페인_Q,KakaoTalk,여행,683507,641393,93.8,1014,710,70.0,16993,903,진행중
2024-08,캠페인_P,Instagram,여행,5843939,5160551,88.3,1783,1468,82.3,4228,3515,일시중지
2024-08,캠페인_B,KakaoTalk,교육,8458405,8838855,104.5,975,722,74.1,18217,12242,진행중
2024-08,캠페인_R,Naver,여행,6341640,4539816,71.6,431,584,135.5,43089,7774,종료
2024-08,캠페인_A,Naver,교육,12616031,13233615,104.9,1371,1063,77.5,33434,12449,진행중
2024-08,캠페인_F,KakaoTalk,교육,9263004,8978259,96.9,1149,1059,92.2,23920,8478,진행중
2024-08,캠페인_I,Instagram,게임,11883599,10143010,85.4,427,570,133.5,45737,17795,종료
2024-08,캠페인_D,Instagram,금융,7465603,6261413,83.9,143,112,78.3,25945,55905,진행중
2024-08,캠페인_L,Facebook,교육,20319781,19692073,96.9,151,97,64.2,44271,203011,진행중
2024-08,캠페인_T,KakaoTalk,전자기기,11707234,9023525,77.1,656,481,73.3,28636,18760,진행중
2024-08,캠페인_S,YouTube,전자기기,2386414,1732950,72.6,1338,878,65.6,30068,1974,진행중
2024-09,캠페인_C,Facebook,금융,29606140,25167420,85.0,932,1302,139.7,14178,19330,종료
2024-09,캠페인_G,TikTok,게임,14272194,10700343,75.0,1478,1447,97.9,14926,7395,진행중
2024-09,캠페인_I,KakaoTalk,게임,17434396,16695696,95.8,1230,1557,126.6,20214,10723,종료
2024-09,캠페인_K,YouTube,패션/의류,25765355,20583967,79.9,783,964,123.1,36781,21353,진행중
2024-09,캠페인_H,KakaoTalk,금융,29283718,26728111,91.3,72,68,94.4,11696,393060,진행중
2024-09,캠페인_O,TikTok,뷰티/화장품,25250151,22080749,87.4,1858,2408,129.6,5413,9170,종료
2024-09,캠페인_Q,KakaoTalk,전자기기,12040907,11710362,97.3,342,299,87.4,7054,39165,진행중
2024-09,캠페인_C,YouTube,식품/음료,10960652,11493368,104.9,1456,892,61.3,3106,12885,종료
2024-09,캠페인_D,Facebook,게임,22305332,22859536,102.5,1197,1588,132.7,10669,14395,진행중
2024-09,캠페인_D,Facebook,식품/음료,10717120,11066980,103.3,242,121,50.0,46475,91463,종료
2024-09,캠페인_B,Instagram,전자기기,20512490,16355503,79.7,106,100,94.3,40591,163555,종료
2024-09,캠페인_B,TikTok,식품/음료,4124883,4304473,104.4,1350,895,66.3,22833,4809,진행중
2024-09,캠페인_S,KakaoTalk,패션/의류,10611059,10529123,99.2,1495,755,50.5,26036,13946,종료
2024-09,캠페인_E,Naver,식품/음료,20298658,20079213,98.9,1014,740,73.0,31036,27134,진행중
2024-09,캠페인_Q,Naver,전자기기,20837977,16289946,78.2,1746,1084,62.1,24334,15028,종료
2024-09,캠페인_R,Instagram,뷰티/화장품,22722499,16784466,73.9,1188,1383,116.4,47539,12136,일시중지
2024-09,캠페인_M,TikTok,교육,19072196,18609773,97.6,1948,1970,101.1,43629,9447,종료
2024-09,캠페인_K,YouTube,금융,13889113,13379643,96.3,1697,1083,63.8,33110,12354,진행중
2024-10,캠페인_J,TikTok,식품/음료,16509083,12871703,78.0,1297,988,76.2,20729,13028,종료
2024-10,캠페인_D,Naver,게임,23563599,24216667,102.8,1648,1854,112.5,6270,13062,진행중
2024-10,캠페인_I,KakaoTalk,뷰티/화장품,23053207,21824852,94.7,1734,1885,108.7,7589,11578,진행중
2024-10,캠페인_C,KakaoTalk,패션/의류,15924218,12605210,79.2,1829,1975,108.0,42061,6382,진행중
2024-10,캠페인_B,Facebook,패션/의류,22353486,15854343,70.9,347,265,76.4,28956,59828,종료
2024-10,캠페인_O,Facebook,게임,5684753,4309681,75.8,1657,1031,62.2,16203,4180,일시중지
2024-10,캠페인_J,TikTok,패션/의류,27963227,20034387,71.6,1851,2486,134.3,32037,8059,진행중
2024-10,캠페인_S,Instagram,교육,11850050,10079655,85.1,292,195,66.8,35040,51691,진행중
2024-10,캠페인_O,KakaoTalk,뷰티/화장품,26407118,26787249,101.4,743,874,117.6,19669,30649,진행중
2024-10,캠페인_P,Naver,금융,8819276,7366237,83.5,977,1294,132.4,32416,5693,진행중
2024-10,캠페인_N,YouTube,금융,12811887,10986615,85.8,1401,714,51.0,3411,15387,종료
2024-10,캠페인_F,TikTok,게임,26397295,22309859,84.5,1507,903,59.9,34126,24706,종료
2024-10,캠페인_K,Naver,식품/음료,13552012,10629009,78.4,1627,1130,69.5,11357,9406,진행중
2024-10,캠페인_R,Instagram,게임,27386234,27473717,100.3,977,882,90.3,48762,31149,진행중
2024-10,캠페인_L,TikTok,여행,29731350,30863206,103.8,268,233,86.9,16164,132460,종료
2024-10,캠페인_S,YouTube,게임,1645591,1367481,83.1,1384,702,50.7,4893,1948,일시중지
2024-10,캠페인_L,Instagram,게임,14827932,13287450,89.6,992,558,56.2,36303,23813,일시중지
2024-10,캠페인_P,Facebook,뷰티/화장품,26799825,18988743,70.9,1306,1212,92.8,14948,15667,진행중
2024-10,캠페인_G,Facebook,전자기기,10313289,10736604,104.1,788,413,52.4,47841,25997,종료
2024-10,캠페인_S,Naver,뷰티/화장품,13597440,10771609,79.2,1596,2115,132.5,7549,5093,진행중
2024-11,캠페인_S,KakaoTalk,금융,4914494,4605447,93.7,1721,1744,101.3,33410,2641,일시중지
2024-11,캠페인_E,YouTube,여행,19113452,19312146,101.0,497,619,124.5,37042,31199,진행중
2024-11,캠페인_T,Facebook,금융,4084657,3410645,83.5,205,128,62.4,26379,26646,종료
2024-11,캠페인_H,YouTube,교육,13702606,13009512,94.9,543,345,63.5,5637,37709,종료
2024-11,캠페인_M,KakaoTalk,교육,8086709,8440296,104.4,681,416,61.1,48589,20289,종료
2024-11,캠페인_A,Naver,뷰티/화장품,14428577,14678949,101.7,1139,947,83.1,20219,15500,진행중
2024-11,캠페인_O,TikTok,뷰티/화장품,4736183,4845556,102.3,908,1255,138.2,41577,3861,일시중지
2024-11,캠페인_G,Naver,뷰티/화장품,13508314,11307058,83.7,1969,2323,118.0,23335,4867,진행중
2024-11,캠페인_S,Naver,금융,7615911,7540709,99.0,1948,1351,69.4,40062,5582,진행중
2024-11,캠페인_I,KakaoTalk,여행,10310156,10719966,104.0,1692,1150,68.0,14971,9322,일시중지
2024-11,캠페인_K,Instagram,교육,1888575,1768066,93.6,792,993,125.4,42141,1781,진행중
2024-11,캠페인_F,Instagram,전자기기,16684937,17034062,102.1,147,185,125.9,42356,92076,진행중
2024-11,캠페인_T,Naver,전자기기,28514511,22129147,77.6,1164,669,57.5,19230,33078,종료
2024-11,캠페인_R,KakaoTalk,전자기기,2253908,2148682,95.3,1493,1593,106.7,7355,1349,종료
2024-11,캠페인_B,Instagram,전자기기,5332217,4462119,83.7,1336,1621,121.3,14784,2753,일시중지
2024-11,캠페인_D,Naver,뷰티/화장품,19754518,15207607,77.0,1615,1656,102.5,31603,9183,진행중
2024-11,캠페인_M,Facebook,식품/음료,23296282,22223535,95.4,1594,1935,121.4,14493,11485,일시중지
2024-11,캠페인_O,Naver,금융,28462629,23846479,83.8,1992,1924,96.6,15483,12394,진행중
2024-11,캠페인_B,Naver,전자기기,22838006,22938914,100.4,933,862,92.4,8840,26611,진행중
2024-11,캠페인_S,Naver,패션/의류,27190072,24878307,91.5,1620,1550,95.7,45613,16051,진행중
2024-11,캠페인_E,Naver,금융,3635466,2568525,70.7,1099,1229,111.8,38926,2090,진행중
2024-11,캠페인_B,TikTok,교육,20006094,19667218,98.3,449,589,131.2,35657,33391,일시중지
2024-11,캠페인_L,Facebook,금융,15395239,15187182,98.6,250,140,56.0,34195,108480,진행중
2024-11,캠페인_Q,Facebook,교육,8312807,6612716,79.5,520,582,111.9,25704,11362,종료
2024-11,캠페인_K,Instagram,게임,23597277,20594162,87.3,922,853,92.5,48981,24143,진행중
2024-12,캠페인_K,KakaoTalk,전자기기,6925148,5774367,83.4,1648,1921,116.6,14433,3006,진행중
2024-12,캠페인_N,Instagram,교육,6132862,4357844,71.1,668,870,130.2,32427,5009,일시중지
2024-12,캠페인_O,TikTok,전자기기,6289174,6329199,100.6,323,450,139.3,3820,14065,진행중
2024-12,캠페인_P,Instagram,교육,9135938,9195664,100.7,1223,785,64.2,39159,11714,일시중지
2024-12,캠페인_Q,Naver,여행,9084235,9494541,104.5,1003,1045,104.2,48034,9086,종료
2024-12,캠페인_M,TikTok,패션/의류,587988,457587,77.8,393,346,88.0,16990,1323,진행중
2024-12,캠페인_S,KakaoTalk,식품/음료,9209274,7220900,78.4,72,60,83.3,34092,120348,일시중지
2024-12,캠페인_P,Naver,금융,5025704,3748849,74.6,472,371,78.6,36439,10105,종료
2024-12,캠페인_C,TikTok,금융,21553496,18445675,85.6,1840,2371,128.9,44800,7780,종료
2024-12,캠페인_A,TikTok,게임,12239668,10218226,83.5,893,474,53.1,32828,21557,일시중지
2024-12,캠페인_K,Facebook,패션/의류,20445072,17250538,84.4,79,85,107.6,24995,202948,일시중지
2024-12,캠페인_T,KakaoTalk,여행,22346487,18625579,83.3,1368,1002,73.2,8011,18588,진행중
2024-12,캠페인_C,Naver,전자기기,28998996,28832866,99.4,647,418,64.6,47283,68978,진행중
2024-12,캠페인_B,Facebook,여행,18213387,17946705,98.5,1038,751,72.4,21965,23897,종료
2024-12,캠페인_L,Instagram,게임,29327901,24216925,82.6,1034,1246,120.5,29460,19436,진행중
2024-12,캠페인_L,Instagram,전자기기,14331124,12095130,84.4,1229,986,80.2,24632,12267,진행중
2024-12,캠페인_Q,Instagram,금융,9518358,8804373,92.5,1875,1935,103.2,22740,4550,진행중
2024-12,캠페인_R,TikTok,전자기기,25328050,18463216,72.9,1764,2288,129.7,36879,8070,진행중
2024-12,캠페인_Q,Naver,식품/음료,9659332,9022217,93.4,228,157,68.9,9834,57466,진행중
2024-12,캠페인_S,YouTube,전자기기,14817223,14548003,98.2,1477,877,59.4,7073,16588,종료
2024-12,캠페인_D,Instagram,전자기기,6719583,6506358,96.8,1912,1707,89.3,9724,3812,진행중
2025-01,캠페인_L,KakaoTalk,뷰티/화장품,23670099,22373762,94.5,2287,1795,78.5,34237,12464,종료
2025-01,캠페인_D,TikTok,여행,12810951,11069686,86.4,1780,2182,122.6,23060,5073,진행중
2025-01,캠페인_N,Instagram,금융,38197631,33818386,88.5,2201,1713,77.8,37883,19742,일시중지
2025-01,캠페인_G,Naver,전자기기,28089108,25214268,89.8,1722,2503,145.4,52473,10074,진행중
2025-01,캠페인_T,Instagram,전자기기,26045654,19032424,73.1,1565,1839,117.5,9404,10349,일시중지
2025-01,캠페인_Q,YouTube,전자기기,20346412,19633865,96.5,922,1173,127.2,19178,16738,진행중
2025-01,캠페인_K,KakaoTalk,패션/의류,6106454,6019576,98.6,1465,1785,121.8,13720,3372,진행중
2025-01,캠페인_M,Instagram,금융,21928775,20066262,91.5,1991,1651,82.9,44766,12154,진행중
2025-01,캠페인_I,Instagram,금융,15181549,12519942,82.5,423,301,71.2,23001,41594,종료
2025-01,캠페인_L,TikTok,게임,36566318,30291677,82.8,1404,1333,94.9,11599,22724,진행중
2025-01,캠페인_C,Facebook,교육,8735533,7749658,88.7,1812,1261,69.6,50516,6146,종료
2025-01,캠페인_E,Instagram,뷰티/화장품,777835,693785,89.2,803,709,88.3,32659,979,진행중
2025-01,캠페인_H,YouTube,교육,19355857,17582470,90.8,1205,1080,89.6,40285,16280,진행중
2025-01,캠페인_I,Naver,식품/음료,19107583,16260215,85.1,1101,1605,145.8,11206,10131,진행중
2025-01,캠페인_S,YouTube,교육,32048222,22845554,71.3,1683,1518,90.2,9490,15050,종료
2025-01,캠페인_M,Naver,여행,29001768,25137085,86.7,2174,1409,64.8,29418,17840,진행중
2025-01,캠페인_F,Instagram,뷰티/화장품,18340793,15665255,85.4,650,542,83.4,22034,28903,종료
2025-01,캠페인_A,Naver,여행,19207805,18734820,97.5,1943,2631,135.4,47161,7121,진행중
2025-02,캠페인_E,KakaoTalk,여행,15703837,12927467,82.3,2075,2502,120.6,33217,5167,진행중
2025-02,캠페인_B,Instagram,게임,13872564,11699286,84.3,862,619,71.8,15813,18900,종료
2025-02,캠페인_L,Facebook,식품/음료,25118498,26017106,103.6,139,174,125.2,17817,149524,진행중
2025-02,캠페인_J,Naver,식품/음료,32610302,26409492,81.0,1959,1037,52.9,7209,25467,진행중
2025-02,캠페인_L,Naver,식품/음료,8562941,8974127,104.8,1426,1427,100.1,12444,6289,진행중
2025-02,캠페인_Q,YouTube,교육,22926577,17559123,76.6,2084,2646,127.0,10074,6636,진행중
2025-02,캠페인_I,Facebook,뷰티/화장품,37765857,31458091,83.3,252,150,59.5,20690,209721,일시중지
2025-02,캠페인_S,TikTok,금융,16102624,16325661,101.4,1913,2154,112.6,5746,7579,일시중지
2025-02,캠페인_M,KakaoTalk,게임,19458271,14336460,73.7,441,471,106.8,36199,30438,진행중
2025-02,캠페인_K,TikTok,식품/음료,37879087,29972462,79.1,2028,2615,128.9,19970,11462,진행중
2025-02,캠페인_R,Facebook,식품/음료,30061656,28417163,94.5,712,820,115.2,53657,34655,진행중
2025-03,캠페인_J,Naver,패션/의류,11718456,8311931,70.9,1669,1204,72.1,38597,6904,진행중
2025-03,캠페인_T,Naver,게임,19444718,13979194,71.9,626,842,134.5,49309,16602,종료
2025-03,캠페인_D,KakaoTalk,교육,10115236,9547019,94.4,1646,2192,133.2,9605,4355,일시중지
2025-03,캠페인_S,KakaoTalk,게임,19080538,14415395,75.6,142,123,86.6,16059,117198,진행중
2025-03,캠페인_B,Facebook,여행,18516838,16625064,89.8,1945,1181,60.7,18734,14077,종료
2025-03,캠페인_C,Naver,패션/의류,39286199,39687998,101.0,1479,1072,72.5,43666,37022,종료
2025-03,캠페인_P,Instagram,패션/의류,38498841,34062631,88.5,1581,1261,79.8,49129,27012,진행중
2025-03,캠페인_O,KakaoTalk,여행,6150400,6446240,104.8,1671,2396,143.4,4293,2690,진행중
2025-03,캠페인_C,YouTube,교육,10324797,8558808,82.9,522,547,104.8,4171,15647,종료
2025-03,캠페인_H,YouTube,게임,22372504,22382846,100.0,1427,1455,102.0,41579,15383,일시중지
2025-03,캠페인_D,YouTube,교육,26942860,18875728,70.1,1972,2533,128.4,51524,7452,일시중지
2025-03,캠페인_H,KakaoTalk,패션/의류,6000410,6293281,104.9,2267,2896,127.7,10735,2173,진행중
2025-03,캠페인_N,KakaoTalk,식품/음료,15133172,11754413,77.7,477,445,93.3,13977,26414,종료
2025-03,캠페인_R,Instagram,금융,33829161,25178173,74.4,1926,2633,136.7,16480,9563,진행중
2025-03,캠페인_I,Facebook,교육,25118400,21450779,85.4,1879,1339,71.3,14226,16020,종료
2025-03,캠페인_O,TikTok,패션/의류,1069131,955907,89.4,252,278,110.3,35040,3439,종료
2025-03,캠페인_R,Naver,교육,24589899,19046807,77.5,997,570,57.2,23666,33415,진행중
2025-03,캠페인_J,TikTok,금융,30210639,25796044,85.4,982,1464,149.1,42810,17620,일시중지
2025-04,캠페인_S,Facebook,패션/의류,30340123,28661030,94.5,506,743,146.8,26128,38575,진행중
2025-04,캠페인_A,YouTube,전자기기,4809219,4978739,103.5,2256,1507,66.8,45027,3304,진행중
2025-04,캠페인_T,YouTube,여행,859706,873342,101.6,1593,2103,132.0,13317,415,진행중
2025-04,캠페인_P,TikTok,금융,2259070,1605471,71.1,1058,1454,137.4,34783,1104,진행중
2025-04,캠페인_O,YouTube,금융,5648187,4495855,79.6,868,511,58.9,11783,8798,종료
2025-04,캠페인_R,KakaoTalk,패션/의류,19044292,18169088,95.4,1908,2611,136.8,8140,6959,진행중
2025-04,캠페인_C,Naver,교육,37339393,35328159,94.6,2181,3068,140.7,8165,11515,진행중
2025-04,캠페인_A,Naver,금융,5819081,5935663,102.0,2115,2940,139.0,22074,2019,종료
2025-04,캠페인_H,YouTube,여행,5058294,3798276,75.1,1209,644,53.3,44234,5898,일시중지
2025-04,캠페인_J,KakaoTalk,교육,24539116,18854371,76.8,985,721,73.2,18088,26150,진행중
2025-04,캠페인_H,Naver,전자기기,31152733,22102573,70.9,228,238,104.4,4654,92868,종료
2025-04,캠페인_P,Naver,금융,38364064,27713469,72.2,2298,2471,107.5,44978,11215,일시중지
2025-04,캠페인_D,YouTube,게임,13331140,11790770,88.4,1641,1737,105.9,8881,6788,진행중
2025-04,캠페인_T,Naver,교육,26135108,24069853,92.1,830,1131,136.3,46137,21282,진행중
2025-04,캠페인_M,KakaoTalk,전자기기,17679136,13586588,76.9,2010,2892,143.9,25173,4698,일시중지
2025-05,캠페인_M,Instagram,패션/의류,25544813,21768914,85.2,946,855,90.4,35123,25461,진행중
2025-05,캠페인_E,KakaoTalk,패션/의류,5850006,5126553,87.6,780,488,62.6,48946,10505,진행중
2025-05,캠페인_D,KakaoTalk,교육,27552561,24486186,88.9,415,298,71.8,43957,82168,진행중
2025-05,캠페인_O,Facebook,여행,5508779,5377266,97.6,1383,1770,128.0,7492,3038,진행중
2025-05,캠페인_D,Facebook,패션/의류,28768719,23558145,81.9,1641,2026,123.5,33810,11628,일시중지
2025-05,캠페인_T,KakaoTalk,식품/음료,15050427,10637051,70.7,2096,2728,130.2,5826,3899,일시중지
2025-05,캠페인_O,YouTube,교육,10634642,7502142,70.5,1621,1901,117.3,39994,3946,진행중
2025-05,캠페인_E,Naver,뷰티/화장품,35947328,28985561,80.6,349,474,135.8,20418,61151,진행중
2025-05,캠페인_G,Naver,교육,35332839,33308261,94.3,1542,889,57.7,21951,37467,진행중
2025-05,캠페인_D,Instagram,전자기기,17462358,17469669,100.0,1734,1639,94.5,44495,10659,진행중
2025-05,캠페인_D,TikTok,식품/음료,19734120,20223008,102.5,285,308,108.1,37993,65659,일시중지
2025-05,캠페인_G,YouTube,뷰티/화장품,18335581,18560347,101.2,950,1226,129.1,35938,15139,종료
2025-05,캠페인_E,YouTube,여행,32359808,22653393,70.0,1585,951,60.0,50601,23821,종료
2025-05,캠페인_A,TikTok,뷰티/화장품,28431694,24407610,85.8,864,557,64.5,18581,43820,종료
2025-05,캠페인_C,KakaoTalk,게임,22482200,17944377,79.8,735,992,135.0,8681,18089,진행중
2025-05,캠페인_B,YouTube,게임,4859490,3565229,73.4,855,1183,138.4,43752,3014,진행중
2025-05,캠페인_K,YouTube,교육,11825530,9381268,79.3,645,545,84.5,27849,17213,진행중
2025-06,캠페인_T,Instagram,여행,15045738,14075910,93.6,1603,1972,123.0,10752,7138,진행중
2025-06,캠페인_A,Facebook,패션/의류,16184250,13352735,82.5,1395,1616,115.8,46877,8263,일시중지
2025-06,캠페인_D,Instagram,패션/의류,31173694,25414581,81.5,1259,1415,112.4,7618,17961,진행중
2025-06,캠페인_M,Instagram,교육,5741085,5081450,88.5,1863,2793,149.9,32828,1819,일시중지
2025-06,캠페인_G,KakaoTalk,전자기기,34451662,31633727,91.8,653,495,75.8,22292,63907,종료
2025-06,캠페인_H,KakaoTalk,뷰티/화장품,15441033,15283921,99.0,848,571,67.3,11718,26767,종료
2025-06,캠페인_P,TikTok,전자기기,18184552,17116882,94.1,2134,1862,87.3,5575,9193,진행중
2025-06,캠페인_P,TikTok,패션/의류,35756893,32630678,91.3,1536,1530,99.6,50375,21327,진행중
2025-06,캠페인_T,KakaoTalk,뷰티/화장품,24974479,22648464,90.7,1063,736,69.2,8608,30772,종료
2025-06,캠페인_E,Instagram,뷰티/화장품,3317344,2586090,78.0,1778,1766,99.3,32046,1464,종료
2025-06,캠페인_N,YouTube,패션/의류,22311636,18498009,82.9,1437,2052,142.8,32312,9015,일시중지
2025-06,캠페인_M,Instagram,게임,28552142,25910328,90.7,1776,2304,129.7,26372,11246,진행중
2025-06,캠페인_M,TikTok,게임,31545209,25438794,80.6,586,548,93.5,53157,46421,종료
2025-06,캠페인_Q,KakaoTalk,교육,14236847,11126957,78.2,1376,1917,139.3,47809,5804,진행중
2025-06,캠페인_D,TikTok,여행,8235407,6633465,80.5,2233,1421,63.6,32290,4668,진행중
2025-06,캠페인_O,YouTube,뷰티/화장품,17759703,17351004,97.7,1860,2483,133.5,53777,6988,종료
2025-06,캠페인_B,TikTok,뷰티/화장품,11158936,10720803,96.1,720,728,101.1,3830,14726,종료
2025-06,캠페인_N,Naver,패션/의류,31732556,24014330,75.7,1853,1575,85.0,21811,15247,진행중
2025-06,캠페인_E,KakaoTalk,금융,9544970,9033665,94.6,383,332,86.7,8302,27210,종료
2025-06,캠페인_C,KakaoTalk,교육,16122730,15737863,97.6,553,457,82.6,10717,34437,진행중
2025-07,캠페인_N,KakaoTalk,금융,7826635,7685405,98.2,1758,1318,75.0,47277,5831,진행중
2025-07,캠페인_F,Instagram,전자기기,31239324,31428883,100.6,377,443,117.5,32241,70946,진행중
2025-07,캠페인_P,KakaoTalk,금융,4358353,3428870,78.7,773,581,75.2,15058,5902,종료
2025-07,캠페인_S,TikTok,게임,25933749,26349864,101.6,378,379,100.3,45413,69525,진행중
2025-07,캠페인_C,Facebook,여행,15245870,15344857,100.6,832,1150,138.2,32970,13343,일시중지
2025-07,캠페인_T,Facebook,전자기기,25979760,23071025,88.8,997,1488,149.2,13783,15505,진행중
2025-07,캠페인_A,YouTube,패션/의류,38835355,34423920,88.6,685,406,59.3,15049,84788,진행중
2025-07,캠페인_T,Naver,패션/의류,25125492,22012914,87.6,872,898,103.0,41147,24513,종료
2025-07,캠페인_G,Facebook,전자기기,6369556,5160629,81.0,996,864,86.7,26586,5973,일시중지
2025-07,캠페인_T,TikTok,뷰티/화장품,37684213,30388483,80.6,1984,2634,132.8,50227,11537,일시중지
2025-07,캠페인_K,TikTok,게임,4742619,4198207,88.5,932,652,70.0,49946,6439,진행중
2025-07,캠페인_D,Naver,게임,10783135,10713866,99.4,2365,2169,91.7,23703,4940,진행중
2025-07,캠페인_B,Naver,패션/의류,2008604,1851977,92.2,1180,1087,92.1,45474,1704,일시중지
2025-07,캠페인_T,Facebook,뷰티/화장품,13384394,11768185,87.9,2228,2869,128.8,43243,4102,종료
2025-07,캠페인_R,Instagram,식품/음료,30900373,25049168,81.1,1999,1660,83.0,32097,15090,종료
2025-07,캠페인_G,Instagram,식품/음료,32655984,32832010,100.5,484,466,96.3,6971,70455,진행중
2025-07,캠페인_N,Instagram,여행,9916488,7091161,71.5,1271,813,64.0,8984,8722,진행중
2025-07,캠페인_F,Instagram,교육,17230903,16485566,95.7,1446,1673,115.7,47545,9854,종료
2025-07,캠페인_L,Facebook,교육,8031337,7957516,99.1,1381,1749,126.6,42536,4550,진행중
2025-07,캠페인_L,Facebook,패션/의류,22396853,20693454,92.4,1647,1294,78.6,12482,15992,일시중지
2025-07,캠페인_N,Naver,식품/음료,16360736,15857149,96.9,1336,1503,112.5,41690,10550,종료
2025-07,캠페인_I,KakaoTalk,식품/음료,6608355,5825916,88.2,2473,1936,78.3,31595,3009,종료
2025-08,캠페인_H,Facebook,게임,27913854,26267554,94.1,1339,2003,149.6,42220,13114,진행중
2025-08,캠페인_S,KakaoTalk,게임,1129614,917271,81.2,1950,2905,149.0,24168,316,진행중
2025-08,캠페인_K,Facebook,교육,21828800,22820834,104.5,2314,1271,54.9,51600,17955,종료
2025-08,캠페인_Q,Naver,게임,17397975,17197489,98.8,1937,2702,139.5,50256,6365,일시중지
2025-08,캠페인_R,YouTube,식품/음료,28369487,28122446,99.1,2188,1314,60.1,17239,21402,진행중
2025-08,캠페인_G,KakaoTalk,게임,24246986,20180011,83.2,2339,1175,50.2,38332,17174,진행중
2025-08,캠페인_E,YouTube,식품/음료,34112448,29569847,86.7,472,324,68.6,36100,91265,일시중지
2025-08,캠페인_O,Naver,뷰티/화장품,25833626,22630482,87.6,1138,589,51.8,32417,38422,진행중
2025-08,캠페인_P,KakaoTalk,식품/음료,12213582,12012254,98.4,2380,2748,115.5,14639,4371,진행중
2025-08,캠페인_B,KakaoTalk,뷰티/화장품,36640039,38196288,104.2,269,140,52.0,27704,272831,진행중
2025-08,캠페인_H,YouTube,게임,26520031,19496879,73.5,755,912,120.8,49068,21378,종료
2025-08,캠페인_D,Facebook,패션/의류,7803712,7462886,95.6,2110,2131,101.0,52671,3502,진행중
2025-08,캠페인_E,KakaoTalk,여행,18315623,14701130,80.3,993,1176,118.4,42100,12501,진행중
2025-08,캠페인_F,Naver,전자기기,4130285,3533105,85.5,1711,2529,147.8,24919,1397,진행중
2025-08,캠페인_I,Facebook,교육,20604584,18632910,90.4,1523,1738,114.1,36292,10721,진행중
2025-08,캠페인_Q,Naver,금융,22101797,16514691,74.7,2435,2979,122.3,25080,5544,진행중
2025-08,캠페인_E,Instagram,전자기기,37992416,31460913,82.8,1760,2035,115.6,15678,15460,일시중지
2025-08,캠페인_D,Facebook,전자기기,27423826,21482882,78.3,600,641,106.8,37171,33515,진행중
2025-08,캠페인_S,Naver,뷰티/화장품,21514376,19845561,92.2,1412,804,56.9,4628,24684,진행중
2025-08,캠페인_C,Naver,교육,15567154,11728411,75.3,1398,1161,83.0,50058,10102,진행중
2025-08,캠페인_K,KakaoTalk,교육,21554499,22116944,102.6,1473,2106,143.0,47782,10502,진행중
2025-08,캠페인_H,YouTube,교육,13366706,13402114,100.3,1805,1494,82.8,8116,8971,진행중
2025-08,캠페인_C,Naver,여행,6494847,6645840,102.3,268,202,75.4,17265,32900,진행중
2025-08,캠페인_T,Instagram,여행,5827487,4188033,71.9,2195,2539,115.7,47591,1649,진행중
2025-08,캠페인_F,TikTok,패션/의류,20386771,15969568,78.3,67,80,119.4,15972,199620,진행중
2025-08,캠페인_K,Naver,교육,17023231,16122798,94.7,1351,1501,111.1,46470,10741,진행중
2025-09,캠페인_J,KakaoTalk,패션/의류,31773578,26186259,82.4,454,326,71.8,53480,80326,진행중
2025-09,캠페인_D,Naver,교육,21250503,18341176,86.3,1250,789,63.1,51208,23246,진행중
2025-09,캠페인_K,Instagram,금융,6811801,5939496,87.2,1217,1254,103.0,42877,4736,종료
2025-09,캠페인_L,Naver,식품/음료,5462679,5440276,99.6,530,344,64.9,11569,15815,진행중
2025-09,캠페인_B,KakaoTalk,교육,9375961,8343662,89.0,1844,2261,122.6,34016,3690,종료
2025-09,캠페인_J,Instagram,게임,14585507,13918737,95.4,2388,2867,120.1,36084,4855,종료
2025-09,캠페인_H,TikTok,게임,12744855,10066880,79.0,1949,2220,113.9,53464,4535,진행중
2025-09,캠페인_T,TikTok,전자기기,12751104,13230228,103.8,179,98,54.7,25494,135002,진행중
2025-09,캠페인_E,Naver,전자기기,34172327,24672373,72.2,2003,1941,96.9,24075,12711,종료
2025-09,캠페인_T,Naver,게임,11815813,11403372,96.5,484,442,91.3,12765,25799,진행중
2025-09,캠페인_A,TikTok,금융,32707617,23930753,73.2,2271,2273,100.1,23057,10528,진행중
2025-09,캠페인_A,YouTube,게임,5069878,4011795,79.1,501,389,77.6,4964,10313,진행중
2025-09,캠페인_Q,TikTok,식품/음료,10145135,7285565,71.8,1733,1571,90.7,48719,4638,진행중
2025-09,캠페인_S,YouTube,여행,10984302,11415835,103.9,78,69,88.5,19781,165447,종료
2025-09,캠페인_S,Facebook,금융,9874145,8312269,84.2,1916,1476,77.0,25639,5632,종료
2025-09,캠페인_C,YouTube,게임,22745262,23095618,101.5,1753,1310,74.7,53796,17630,진행중
2025-09,캠페인_G,Naver,패션/의류,36018644,34255163,95.1,179,190,106.1,13146,180290,진행중
2025-10,캠페인_I,KakaoTalk,전자기기,37255413,26684186,71.6,314,440,140.1,53253,60646,진행중
2025-10,캠페인_K,TikTok,교육,8272936,7778453,94.0,1836,1680,91.5,36938,4630,종료
2025-10,캠페인_B,Naver,여행,17994181,14660011,81.5,115,150,130.4,54715,97733,진행중
2025-10,캠페인_L,KakaoTalk,전자기기,28007445,27003583,96.4,1044,1078,103.3,27149,25050,진행중
2025-10,캠페인_F,Naver,전자기기,18377059,17490022,95.2,1791,1352,75.5,17062,12936,진행중
2025-10,캠페인_B,YouTube,패션/의류,23898643,20352679,85.2,1190,1092,91.8,47021,18638,종료
2025-10,캠페인_L,Facebook,게임,34391830,26201340,76.2,2499,3289,131.6,40977,7966,진행중
2025-10,캠페인_L,Instagram,게임,3428502,2404944,70.1,752,973,129.4,21251,2472,진행중
2025-10,캠페인_A,Instagram,패션/의류,22352172,17130436,76.6,345,227,65.8,17329,75464,진행중
2025-10,캠페인_G,KakaoTalk,금융,23558008,20947283,88.9,1930,1096,56.8,49089,19112,일시중지
2025-10,캠페인_K,KakaoTalk,게임,3319771,3237805,97.5,2343,3023,129.0,38284,1071,진행중
2025-11,캠페인_I,KakaoTalk,패션/의류,11241031,8741026,77.8,821,451,54.9,36928,19381,일시중지
2025-11,캠페인_R,Instagram,전자기기,23418918,17440565,74.5,156,218,139.7,26695,80003,진행중
2025-11,캠페인_A,TikTok,여행,20550798,15710349,76.4,1167,1376,117.9,13703,11417,진행중
2025-11,캠페인_N,KakaoTalk,교육,24263683,17250547,71.1,1532,1190,77.7,39462,14496,진행중
2025-11,캠페인_M,Instagram,금융,21821751,19757874,90.5,2317,1240,53.5,7181,15934,진행중
2025-11,캠페인_Q,Facebook,뷰티/화장품,22448765,18441683,82.2,1616,2402,148.6,13710,7678,종료
2025-11,캠페인_J,TikTok,전자기기,5975649,4890777,81.8,801,659,82.3,44162,7422,진행중
2025-11,캠페인_S,Naver,패션/의류,38771106,29058220,74.9,2138,2488,116.4,45752,11679,진행중
2025-11,캠페인_K,KakaoTalk,식품/음료,28696714,29024881,101.1,365,502,137.5,37897,57818,종료
2025-11,캠페인_K,Instagram,교육,1540040,1506953,97.9,646,501,77.6,21976,3008,종료
2025-11,캠페인_E,Facebook,뷰티/화장품,14362044,11252106,78.3,2161,2619,121.2,38862,4296,진행중
2025-11,캠페인_A,YouTube,전자기기,34045718,26384813,77.5,987,1313,133.0,16887,20095,종료
2025-11,캠페인_T,KakaoTalk,패션/의류,5452099,5621891,103.1,279,215,77.1,45878,26148,진행중
2025-11,캠페인_K,TikTok,게임,7397581,6480685,87.6,622,778,125.1,52423,8330,일시중지
2025-11,캠페인_K,YouTube,식품/음료,34525250,35890989,104.0,1382,1317,95.3,30010,27252,진행중
2025-11,캠페인_C,Naver,식품/음료,25323810,25396402,100.3,1189,1646,138.4,18714,15429,진행중
2025-11,캠페인_H,Facebook,뷰티/화장품,4857825,3447466,71.0,668,883,132.2,33529,3904,진행중
2025-12,캠페인_A,Instagram,여행,9686268,7281164,75.2,189,234,123.8,22424,31116,종료
2025-12,캠페인_G,YouTube,여행,35443694,31832310,89.8,1284,1875,146.0,7321,16977,진행중
2025-12,캠페인_I,TikTok,금융,4722854,3370876,71.4,415,410,98.8,37286,8222,진행중
2025-12,캠페인_N,Instagram,금융,7231271,7054999,97.6,541,280,51.8,3911,25196,진행중
2025-12,캠페인_S,KakaoTalk,금융,9720529,9103789,93.7,1279,829,64.8,42848,10982,일시중지
2025-12,캠페인_D,Instagram,패션/의류,27775805,23488569,84.6,740,990,133.8,41799,23726,종료
2025-12,캠페인_E,YouTube,교육,12351094,10302258,83.4,1052,1397,132.8,39718,7375,일시중지
2025-12,캠페인_H,TikTok,교육,27187134,21229261,78.1,295,176,59.7,54377,120621,진행중
2025-12,캠페인_O,TikTok,패션/의류,4733640,3360394,71.0,334,373,111.7,47896,9009,진행중
2025-12,캠페인_A,Facebook,여행,28877921,29763882,103.1,1016,1487,146.4,41893,20016,진행중
2025-12,캠페인_T,TikTok,여행,16619814,13445019,80.9,89,84,94.4,22770,160060,일시중지
2025-12,캠페인_A,TikTok,전자기기,20896456,21152929,101.2,1349,903,66.9,44020,23425,일시중지
2025-12,캠페인_K,Facebook,식품/음료,17244908,13419151,77.8,1017,508,50.0,17677,26416,진행중
2025-12,캠페인_M,Instagram,식품/음료,21708910,16612001,76.5,157,120,76.4,41270,138433,진행중
2026-01,캠페인_S,Naver,전자기기,15822306,16038050,101.4,1776,2082,117.2,53973,7703,진행중
2026-01,캠페인_E,TikTok,금융,35435208,35441153,100.0,1870,951,50.9,30153,37267,진행중
2026-01,캠페인_A,Facebook,교육,35067515,31966818,91.2,1015,1221,120.3,42333,26181,일시중지
2026-01,캠페인_Q,Facebook,뷰티/화장품,15039811,10607302,70.5,1766,1368,77.5,50226,7754,진행중
2026-01,캠페인_K,Naver,뷰티/화장품,33180055,28087048,84.7,422,426,100.9,54191,65932,진행중
2026-01,캠페인_M,TikTok,금융,8112476,6053020,74.6,1376,1526,110.9,38202,3967,종료
2026-01,캠페인_C,YouTube,뷰티/화장품,14881080,11048588,74.2,1447,2081,143.8,28158,5309,진행중
2026-01,캠페인_Q,TikTok,식품/음료,37180048,34647477,93.2,1879,2239,119.2,21925,15475,진행중
2026-01,캠페인_C,Facebook,패션/의류,19524510,17089548,87.5,1872,2316,123.7,24911,7379,진행중
2026-01,캠페인_I,TikTok,식품/음료,14101133,10622146,75.3,448,335,74.8,17360,31708,종료
2026-02,캠페인_B,TikTok,전자기기,20792518,17111091,82.3,2130,2504,117.6,50108,6834,종료
2026-02,캠페인_G,KakaoTalk,식품/음료,18521983,19445017,105.0,218,116,53.2,28546,167629,진행중
2026-02,캠페인_J,Facebook,전자기기,10485959,10217419,97.4,334,417,124.9,30140,24502,진행중
2026-02,캠페인_E,KakaoTalk,여행,28713552,22557204,78.6,2341,2123,90.7,12422,10625,종료
2026-02,캠페인_J,KakaoTalk,전자기기,19638326,19831647,101.0,2392,2919,122.0,10009,6794,종료
2026-02,캠페인_P,Naver,교육,10456817,10682659,102.2,131,189,144.3,29217,56522,진행중
2026-02,캠페인_J,Facebook,게임,22779511,21971720,96.5,1500,816,54.4,51051,26926,일시중지
2026-02,캠페인_M,Facebook,교육,13419849,9847709,73.4,1176,1226,104.3,17893,8032,종료
2026-02,캠페인_M,YouTube,게임,2586433,2196361,84.9,592,489,82.6,10014,4492,일시중지
2026-02,캠페인_H,Naver,여행,25565790,19534717,76.4,1951,2296,117.7,41588,8508,종료
2026-02,캠페인_N,Facebook,게임,15474502,12393607,80.1,1198,734,61.3,42455,16885,진행중
2026-02,캠페인_O,Facebook,금융,36388899,31069233,85.4,232,342,147.4,13739,90846,진행중
2026-02,캠페인_B,KakaoTalk,여행,14595248,12818907,87.8,1948,2884,148.0,44724,4445,종료
2026-02,캠페인_J,Instagram,여행,17105399,13751060,80.4,513,473,92.2,10697,29072,진행중
2026-02,캠페인_G,Naver,교육,33092401,33045695,99.9,449,557,124.1,54433,59328,진행중
2026-02,캠페인_M,Facebook,패션/의류,18037666,18276615,101.3,1723,1470,85.3,21584,12433,진행중
2026-02,캠페인_S,YouTube,금융,12185360,10191348,83.6,2180,1451,66.6,41106,7024,종료
2026-02,캠페인_B,TikTok,전자기기,14100425,10336988,73.3,1787,2513,140.6,52199,4113,진행중
2026-02,캠페인_F,YouTube,뷰티/화장품,10770120,8376448,77.8,536,665,124.1,34652,12596,진행중
2026-03,캠페인_P,KakaoTalk,뷰티/화장품,10955132,8410981,76.8,1278,1790,140.1,11012,4699,종료
2026-03,캠페인_O,Instagram,금융,21277383,16254107,76.4,2227,2344,105.3,37712,6934,진행중
2026-03,캠페인_K,KakaoTalk,전자기기,12762998,9498551,74.4,1950,1816,93.1,20213,5230,종료
2026-03,캠페인_E,TikTok,전자기기,27884940,19992420,71.7,898,742,82.6,49906,26944,종료
2026-03,캠페인_O,YouTube,뷰티/화장품,6601501,5145582,77.9,362,507,140.1,47480,10149,일시중지
2026-03,캠페인_H,TikTok,여행,6621508,5824417,88.0,1136,1139,100.3,34575,5114,일시중지
2026-03,캠페인_S,Instagram,교육,31145100,25767902,82.7,1120,1208,107.9,19114,21331,진행중
2026-03,캠페인_K,KakaoTalk,금융,17106564,14300672,83.6,353,359,101.7,48156,39835,진행중
2026-03,캠페인_H,YouTube,금융,1886349,1771083,93.9,805,940,116.8,26435,1884,진행중
2026-03,캠페인_D,KakaoTalk,금융,8003527,6672981,83.4,327,178,54.4,54012,37489,종료
2026-03,캠페인_N,Instagram,뷰티/화장품,22083025,19904534,90.1,1711,926,54.1,34121,21495,종료
2026-03,캠페인_K,YouTube,여행,36695552,29587341,80.6,377,443,117.5,27917,66789,일시중지
2026-03,캠페인_B,YouTube,금융,2249857,2119336,94.2,917,1236,134.8,28160,1715,종료
2026-03,캠페인_T,KakaoTalk,뷰티/화장품,10901327,9320273,85.5,1298,1198,92.3,53563,7780,진행중
2026-04,캠페인_C,KakaoTalk,여행,14648239,12592092,86.0,828,690,83.3,26753,18249,진행중
2026-04,캠페인_A,Facebook,여행,20976968,18828314,89.8,587,544,92.7,28202,34611,종료
2026-04,캠페인_J,YouTube,뷰티/화장품,34922735,33691416,96.5,1851,2428,131.2,39415,13876,일시중지
2026-04,캠페인_I,YouTube,패션/의류,26589603,21161424,79.6,1322,861,65.1,44798,24578,진행중
2026-04,캠페인_K,Naver,식품/음료,15026203,15684140,104.4,1413,1633,115.6,22500,9604,종료
2026-04,캠페인_N,YouTube,뷰티/화장품,24981079,22898083,91.7,2288,1845,80.6,39912,12411,종료
2026-04,캠페인_K,KakaoTalk,뷰티/화장품,27133916,23513271,86.7,620,401,64.7,33044,58637,종료
2026-04,캠페인_N,KakaoTalk,교육,14273219,13727752,96.2,1993,1900,95.3,41401,7225,일시중지
2026-04,캠페인_T,TikTok,교육,7696263,7927144,103.0,2420,2706,111.8,54343,2929,종료
2026-04,캠페인_D,Instagram,패션/의류,20657926,17357305,84.0,376,344,91.5,16747,50457,진행중
2026-04,캠페인_M,YouTube,패션/의류,6203991,5324039,85.8,1447,1463,101.1,42443,3639,종료
2026-04,캠페인_C,Naver,뷰티/화장품,36181090,37557049,103.8,851,1247,146.5,34204,30118,일시중지
2026-04,캠페인_P,KakaoTalk,금융,27681661,20660275,74.6,1247,1557,124.9,38446,13269,일시중지
2026-04,캠페인_P,Facebook,교육,18392236,13821429,75.1,310,421,135.8,27045,32830,종료
2026-04,캠페인_R,YouTube,전자기기,19795749,15842217,80.0,2041,1704,83.5,33834,9297,진행중
2026-04,캠페인_O,TikTok,뷰티/화장품,23381577,20287647,86.8,656,764,116.5,51473,26555,일시중지
2026-05,캠페인_G,KakaoTalk,전자기기,34876515,27605958,79.2,632,926,146.5,17343,29812,진행중
2026-05,캠페인_C,TikTok,패션/의류,24326425,23360957,96.0,1169,892,76.3,49209,26189,일시중지
2026-05,캠페인_B,Facebook,패션/의류,2388704,2272920,95.2,2197,2359,107.4,8966,964,종료
2026-05,캠페인_T,Instagram,게임,19494726,17413594,89.3,2376,3443,144.9,16839,5058,진행중
2026-05,캠페인_P,KakaoTalk,식품/음료,37136129,29862472,80.4,2287,3329,145.6,13485,8970,종료
2026-05,캠페인_N,Facebook,여행,16337185,14809528,90.6,1060,751,70.8,39285,19720,진행중
2026-05,캠페인_T,Facebook,여행,27313901,22696604,83.1,291,316,108.6,13701,71825,종료
2026-05,캠페인_J,Facebook,교육,1211038,1025923,84.7,1646,1185,72.0,33714,866,진행중
2026-05,캠페인_O,Naver,교육,31697737,27577120,87.0,2402,3247,135.2,51653,8493,일시중지
2026-05,캠페인_J,Instagram,게임,35757955,32191036,90.0,77,77,100.0,21461,418065,종료
2026-05,캠페인_B,Facebook,뷰티/화장품,29136943,30136284,103.4,1699,2377,139.9,7202,12678,진행중
2026-05,캠페인_K,Naver,패션/의류,3659560,3499388,95.6,75,60,80.0,17470,58323,진행중
2026-05,캠페인_M,TikTok,전자기기,36623936,37440632,102.2,1533,1367,89.2,11924,27389,진행중
2026-05,캠페인_B,Naver,뷰티/화장품,29251915,27800831,95.0,1499,1811,120.8,47676,15351,진행중
2026-05,캠페인_E,TikTok,여행,35192070,32157734,91.4,1484,1383,93.2,11113,23252,진행중
2026-05,캠페인_M,Instagram,식품/음료,17167506,16352258,95.3,1290,1180,91.5,5468,13858,진행중
2026-05,캠페인_K,Instagram,교육,31662991,31369947,99.1,2376,3401,143.1,35263,9224,종료
2026-05,캠페인_K,KakaoTalk,교육,15647530,13462216,86.0,640,889,138.9,19149,15143,진행중
2026-06,캠페인_B,Naver,게임,30553598,26064502,85.3,1784,2344,131.4,15556,11120,진행중
2026-06,캠페인_D,Instagram,교육,10507344,10210783,97.2,347,368,106.1,46074,27747,종료
2026-06,캠페인_M,TikTok,식품/음료,36430850,29000559,79.6,2407,3401,141.3,25102,8527,종료
2026-06,캠페인_T,YouTube,뷰티/화장품,30765579,27833169,90.5,1067,1284,120.3,22650,21677,종료
2026-06,캠페인_I,Naver,패션/의류,14102310,12806067,90.8,1398,1618,115.7,13367,7915,진행중
2026-06,캠페인_A,Facebook,금융,18457212,16253730,88.1,1115,688,61.7,12442,23625,진행중
2026-06,캠페인_O,TikTok,식품/음료,1730059,1740888,100.6,2498,2717,108.8,37602,641,진행중
2026-06,캠페인_L,TikTok,패션/의류,17409791,12347737,70.9,340,362,106.5,4458,34110,일시중지
2026-06,캠페인_J,Facebook,식품/음료,17397897,14670595,84.3,674,663,98.4,4652,22128,진행중
2026-06,캠페인_E,Instagram,금융,24469417,18972041,77.5,2248,1364,60.7,33014,13909,진행중
2026-06,캠페인_M,YouTube,교육,17226818,16523377,95.9,1343,1573,117.1,40203,10504,종료
2026-06,캠페인_I,Instagram,게임,19810818,18232055,92.0,2186,1384,63.3,7319,13173,진행중
2026-06,캠페인_S,Naver,전자기기,23343723,20965912,89.8,537,631,117.5,42045,33226,일시중지
2026-06,캠페인_L,KakaoTalk,여행,24268175,24752987,102.0,1537,1885,122.6,7912,13132,종료
2026-06,캠페인_J,Facebook,뷰티/화장품,6018670,6101188,101.4,2388,2335,97.8,24210,2613,종료
2026-06,캠페인_C,TikTok,교육,35946665,25242006,70.2,215,307,142.8,16435,82222,일시중지
2026-06,캠페인_N,KakaoTalk,패션/의류,37855708,28995502,76.6,417,396,95.0,22308,73221,진행중
